업체명,위도,경도,폐업여부
베스티호텔,35.12819599,128.8539747,N
대저캠핑장,35.21594699,128.9910806,N
대저생태공원캠핑장,35.20741419,128.9847474,Y
공항하숙,35.18070548,128.9557911,N
에어포트호텔,35.16569198,128.9545073,N
초롱블루펜션,35.0153664,128.8344939,N
썬앤문풀빌라,35.01548277,128.8341854,Y
파도소리,35.01621381,128.834598,Y
하늘과바다,35.01490389,128.8339249,N
썬앤문풀빌라,35.01541542,128.834292,Y
가덕도새바지펜션,35.01469828,128.8344362,Y
대항체험마을민박,35.01166947,128.8276588,N
섬마을장어구이펜션,35.01415788,128.8275994,N
대항펜션,35.01373969,128.8274268,N
대항민박,35.01312713,128.827622,N
W모텔,35.10080432,128.9289018,N
비엠텔모텔,35.0989412,128.9280046,N
마틴호텔,35.10112933,128.9285519,N
JK호텔,35.10020443,128.9285144,N
모텔 제타,35.10393706,128.9294126,N
모텔 마르,35.10393697,128.9294125,N
헤리티지디자인호텔,35.10036501,128.928637,N
디자인팝 모텔,35.0990703,128.9279906,N
씨사이드모텔,35.09830653,128.9277224,N
비엠텔모텔,35.0989531,128.9280048,N
브라운도트호텔 명지점,35.09919408,128.92803,N
넘버25호텔,35.09402639,128.9081885,N
더포인트호텔,35.09340432,128.908121,N
호텔오유,35.09218239,128.9017599,N
오이아호텔명지,35.093931,128.9001002,N
씨엘오션호텔,35.09073409,128.9020713,N
신라스테이,35.09670494,128.9052621,N
넘버25호텔 명지오션시티점 비즈니스,35.08047764,128.9029945,N
오션시티호텔,35.08091563,128.9029961,N
사이버모텔,35.08268928,128.9042159,N
호텔프렌치코드,35.08361971,128.9042136,N
레전드호텔,35.15964789,128.8639555,N
마글램핑장,35.1535571,128.8790459,Y
베스트루이스해밀턴호텔 서부산점,35.1468498,128.8788042,N
장항펜션,35.05567769,128.8064334,Y
대한상공회의소부산인력개발원,35.09132893,128.8488466,Y
성고개산장,35.11083486,128.8530819,N
벨라지오모텔,35.086613,128.8811579,N
IW모텔,35.08660413,128.8802745,N
호텔더메이,35.08661568,128.8793305,N
2월호텔,35.0866038,128.8789326,N
S모텔,35.08661107,128.878301,N
블랑비즈니스호텔,35.0869795,128.8813332,N
까르페호텔,35.08661741,128.8807388,N
호텔에그,35.0866149,128.8786857,N
2월호텔 강서신관,35.08700356,128.8810578,N
모모까르페호텔,35.08661741,128.8807388,Y
브라운도트호텔,35.08331539,128.8707373,N
더브레인호텔,35.08173773,128.8722958,N
호텔더원,35.08289233,128.8709693,N
V호텔,35.08639646,128.8807192,N
비지니스호텔,35.08639259,128.8811301,N
펀모텔,35.08638903,128.8801047,N
브이모텔,35.08639751,128.8807306,Y
이그니스호텔,35.08637727,128.8793003,N
굿프라임호텔,35.14997988,128.8309512,N
헤르몬호텔,35.15009789,128.8322324,N
투썸게스트하우스앤펜션,35.04294899,128.8096954,Y
우리펜션,35.02566624,128.8163069,Y
어울림쉼터펜션,35.02280798,128.8145275,Y
갈릴리펜션,35.03046001,128.8146009,Y
카리브의일몰,35.03344314,128.8111763,N
우진펜션,35.0315126,128.8123775,N
가덕도그린빌펜션,35.03744273,128.8133261,Y
전원별장,35.03697853,128.8140856,Y
가덕부들펜션,35.03166293,128.8247616,N
로뎀펜션,35.03174159,128.8241144,N
꿈에그린펜션,35.0320609,128.8242522,N
자연애펜션,35.03179172,128.8248,Y
가덕도펜션민박,35.02841583,128.8176455,N
초록펜션,35.02659721,128.8168296,N
노을빛펜션,35.02731297,128.8186208,N
은행나무펜션,35.02668722,128.8167941,N
가덕도힐링민박펜션,35.02727428,128.8162801,N
펜션GALLERY가덕,35.03410714,128.8225881,N
백수장,35.24362832,129.0875086,N
호텔G&G,35.24486672,129.0919301,N
카카오호텔,35.24438044,129.0914817,N
호텔캔들,35.2449448,129.0904558,N
제니스호텔,35.2449823,129.0907235,N
제니스호텔,35.24497552,129.0907183,N
쇼모텔,35.24602969,129.0917448,N
호텔야자,35.24743924,129.0916896,N
9월호텔,35.24787274,129.0916538,Y
보브호텔,35.247583,129.0916855,Y
넘버25호텔,35.24798471,129.0916546,Y
로즈베이호텔,35.24786181,129.0916692,Y
브라운도트 호텔 구서역점,35.24796884,129.0918741,N
티에스호텔,35.25682316,129.0909085,N
호텔프렌치코드,35.24489876,129.0922909,N
호텔시카고,35.25719867,129.0908739,N
파크모텔,35.25668701,129.0920876,Y
목화장여관,35.25772178,129.0906196,N
드림모텔,35.22077248,129.1125727,N
천우장,35.21982244,129.1116956,N
V1모텔,35.21633713,129.1106617,N
V1모텔,35.21632982,129.1106485,N
새동진장여관,35.21398014,129.1094521,N
조이게스트하우스,35.21409549,129.1094291,Y
새동진장여관,35.21396062,129.1094485,N
조이,35.21409206,129.1094288,Y
휴앤고게스트하우스,35.24936983,129.0588925,Y
부산학생교육원,35.25926999,129.0438168,Y
쏭하우스,35.25812807,129.0916247,Y
본우효덕수련원,35.26643882,129.0924331,Y
스포원파크재난안전체험관,35.29362772,129.1067686,N
이데아호텔,35.2250157,129.0912549,N
기찰탕여관,35.2384543,129.0928986,Y
라찌모텔,35.24258278,129.0911854,N
이화모텔,35.21541627,129.1087541,N
젠모텔,35.21513983,129.1065015,N
파래스,35.21509207,129.1056031,N
제이아트빌,35.21521624,129.1057643,Y
늘푸른,35.21479468,129.1073521,Y
부림모텔,35.21442326,129.1075125,N
헤이브호텔,35.21481219,129.1080432,N
초원장,35.21472819,129.107152,Y
삼성여인숙,35.21541721,129.1022397,Y
목란장,35.21430893,129.1081439,Y
호텔 블랑,35.21500571,129.107687,N
넘버25호텔,35.21482716,129.10752,N
마이홈모텔,35.21505069,129.1068185,Y
굿타임,35.2140279,129.1050332,Y
장미별장여관,35.214175,129.1052743,Y
베니스모텔,35.21391911,129.105935,N
진영장,35.21402869,129.1060549,Y
청림모텔,35.21395424,129.106671,Y
쉐르빌모텔,35.21376459,129.1061925,N
진영모텔,35.2140373,129.1060647,N
아마존모텔,35.21331442,129.1068925,N
그랜드모텔,35.21380844,129.1070393,N
몽블랑모텔,35.21396675,129.1075696,N
마모텔,35.21399983,129.1071283,N
금오별장,35.21391246,129.1074344,Y
동산여인숙,35.21766907,129.0963963,Y
OPENTHEDOOR,35.21593158,129.1006992,Y
제일여인숙,35.21661418,129.1021231,Y
동진여관,35.21400816,129.1031485,Y
아젤리아,35.21516884,129.1055245,N
빙고모텔,35.21528673,129.1056637,N
목화모텔,35.25771326,129.0906073,N
동평장여관,35.22502779,129.0817899,N
새온천모텔찜질방,35.2240551,129.0815247,N
송원장,35.22376332,129.0814923,N
우보,35.22359422,129.0814342,N
금성여인숙,35.2250455,129.0819666,Y
쉴라게스트하우스,35.23660168,129.0836898,Y
BUSANSPAGUESTHOUSE,35.23490211,129.0833713,Y
단디하우스부산대,35.23491329,129.087658,Y
부산사랑게스트하우스,35.23098012,129.0862534,Y
태양,35.22286211,129.0846472,Y
웁스모텔,35.2242952,129.0851221,N
아젤리아,35.22372824,129.0844432,Y
올레모텔,35.22357183,129.0842698,N
로망스모텔,35.22272369,129.0861081,N
맥스모텔,35.22261418,129.0848461,N
모텔델루나,35.22440026,129.082447,N
HOTELYOUAIN,35.22321721,129.0843749,N
대도여관,35.22343918,129.0842094,N
아라모텔,35.22245892,129.0848261,N
아레스모텔,35.22338369,129.0844811,Y
만리장여관,35.22384332,129.0830621,N
에어비앤비니하오부산,35.2342498,129.0887575,Y
태광 달방,35.22217112,129.0863136,N
팔레스모텔,35.27706461,129.088686,Y
청룡여관,35.27537144,129.0891245,N
유성장모텔,35.27569492,129.0890979,N
범어장,35.27393681,129.0918485,N
범어장모텔,35.27393827,129.0918193,N
에스모텔,35.2775317,129.0891817,N
니즈호텔,35.2744981,129.0899731,N
그루브펜션,35.18619159,129.2080752,Y
모닝블루펜션,35.18480567,129.2125121,N
바다애펜션,35.18604169,129.2133248,N
오시리아펜션,35.18812494,129.2177743,N
시나몬하우스앤카페,35.18452008,129.2113171,Y
가온펜션,35.1844777,129.2127078,N
타샤모텔,35.23486816,129.2152805,N
골든베이펜션,35.22131533,129.2270667,N
고마펜션,35.23499608,129.2432792,N
본레브연화리330풀빌라앤호텔,35.21559526,129.2229761,N
MVG모텔,35.21392038,129.2220218,N
전망좋은집,35.22515777,129.2288831,Y
연화리관광호텔,35.21559526,129.2229761,N
호텔오즈,35.22075941,129.2271744,N
타이드어웨이풀빌라,35.18217092,129.2085278,N
연화리330 POOL VILLA Bon reve,35.21558798,129.2229938,N
로드엠게스트하우스펜션,35.22374937,129.2310754,N
연화펜션,35.21366559,129.2218632,N
지앤지모텔,35.21419613,129.222202,N
MVG무인텔,35.2139435,129.2220125,N
아난티 힐튼 부산,35.19795241,129.2280692,N
꿈의궁전모텔,35.22228138,129.2270277,N
오즈모텔,35.2207852,129.2271806,N
별이그린바다펜션,35.18223994,129.2110845,N
아난티코브,35.19973708,129.22865,N
필모텔,35.21377212,129.2219608,Y
숲속농원,35.21903124,129.1828651,N
기장숲속농원캠프,35.21882078,129.1829515,N
사랑애펜션,35.23775114,129.2416983,N
휴인펜션,35.18455021,129.2102251,N
더하루펜션,35.18525193,129.2104981,N
마루하우스펜션,35.18618548,129.2108578,N
아라하우스펜션,35.18397327,129.2095241,N
더베이펜션,35.18436889,129.2101493,N
솔레이펜션,35.18372558,129.2096279,N
브라이트펜션,35.1846836,129.2102984,N
부산라메르펜션,35.18491747,129.2103747,N
백용펜션,35.18474468,129.2099886,N
더펜션502,35.18814181,129.2113813,N
해오름펜션,35.18782476,129.2112324,N
J&J하우스,35.18796486,129.2113093,N
바우하우스펜션,35.18480392,129.2098608,N
송정로뎀나무펜션,35.18485999,129.2095295,N
메종펜션,35.18394728,129.209296,N
그루브펜션,35.18611091,129.208151,N
GB코티지,35.1855167,129.2093375,N
오시리아인펜션,35.18516607,129.2093698,N
엘티움,35.18598512,129.2095581,N
송정 메이플하우스,35.18544856,129.2095472,N
송정드림펜션,35.18494196,129.2092725,N
팰리스모텔,35.23391641,129.2188739,N
더원모텔,35.22715554,129.2270725,N
하얀둥지펜션,35.2274257,129.2268482,N
더캐슬해운대비치,35.22680247,129.2213595,N
해운대비치골프앤리조트,35.22750673,129.22575,Y
올리브모텔,35.23409002,129.2185079,Y
비너스모텔,35.23313818,129.2191334,Y
부산 기장 휴,35.23479568,129.215477,N
시랑리129펜션,35.19664328,129.2249174,N
돌담집그곳,35.19594168,129.2231,N
드림하우스펜션,35.24026608,129.2478811,N
죽성여관,35.24069847,129.2471192,N
TOC모텔,35.25135363,129.2082617,N
모텔헤이데이,35.24929092,129.2097105,N
베스트루이스해밀턴호텔 기장점,35.24951122,129.2096433,N
2001HAMILTONHOTEL,35.24947386,129.2095375,Y
모텔헤이데이,35.24928498,129.2097099,N
베스트루이스해밀턴호텔,35.24946788,129.2095269,N
서랑펜션,35.20102999,129.2059,N
펜션드리머,35.21697178,129.2253055,N
필모텔,35.21613866,129.2249753,Y
엔줄리오펜션,35.2153393,129.2231287,N
기장브라운도트펜션,35.21792679,129.2254973,N
IW모텔,35.22049782,129.2273042,N
브라운도트호텔,35.21789346,129.22571,N
넘버이십오,35.21918249,129.2264024,N
엔쥴리오,35.21530937,129.2231286,N
초콜릿,35.21637501,129.2251359,N
초콜릿모텔,35.21643343,129.2251298,N
기장호텔,35.24148239,129.2144519,Y
테마,35.24201229,129.2151228,N
루이스호텔,35.24167138,129.2157481,N
기장루이스호텔,35.24173549,129.215798,N
드림모텔,35.2530168,129.2143901,N
호텔리안,35.25038237,129.2137116,Y
부띠끄호텔 오월로,35.25010344,129.2136728,N
브룩스호텔,35.25067491,129.2135032,N
부띠끄호텔 오월로,35.25010921,129.2136787,N
이데아호텔,35.25362273,129.2143276,N
2PM호텔,35.25074703,129.2137006,N
큐모텔,35.25059418,129.2141236,N
HOTEL페오,35.25316662,129.2139845,N
짱모텔,35.25112852,129.2137112,N
넘버25호텔,35.25229656,129.2142802,N
힐모텔,35.25295621,129.2145426,N
이지고글램핑,35.27931701,129.2020381,N
지오클럽캠핑장,35.25771827,129.2357055,N
일광민박딴따라,35.26290854,129.2335084,Y
민캠프힐링오토캠핑장,35.28975511,129.2344849,N
사랑채캠프,35.25906518,129.2339539,Y
일광추억이머무르는곳,35.26257492,129.232687,N
테라스,35.26081708,129.2331247,N
일출민박,35.25957291,129.2332452,N
속시원한대구탕,35.26057537,129.2332445,N
채움펜션,35.30331368,129.2584342,N
일광온정바다,35.28284033,129.2583936,N
메모리펜션,35.28278644,129.2592046,N
바다펜션,35.28278066,129.258697,Y
비치하임펜션,35.30734392,129.2589104,N
몽블랑모텔,35.26447598,129.2336108,N
캐슬모텔,35.26491276,129.2337386,N
쉼표모텔,35.26474117,129.2346141,N
해변24편의점,35.2640334,129.2344786,N
해나무민박,35.2626697,129.2332637,N
늘봄모텔,35.26582452,129.233977,N
즐거운민박,35.26383724,129.2343323,Y
삼성장펜션,35.26328944,129.2335718,N
제이스펜션&글램핑,35.27724586,129.2343007,N
일광하우스,35.26493239,129.2385515,N
바베네캠핑장,35.27293273,129.2535064,Y
일광펜션,35.31267275,129.2612869,N
까페카라반,35.30914968,129.2592798,N
기장메이트펜션,35.31081929,129.2600777,Y
모아펜션,35.31252254,129.2612205,N
리버사이드펜션,35.29293062,129.2596678,N
일광메모리펜션,35.28283169,129.2590806,N
사계절펜션,35.31166766,129.2604364,Y
드메르펜션,35.2923648,129.2598971,N
바다하우스,35.29346477,129.2598241,Y
별장민박,35.3122733,129.2612304,N
큐모텔,35.2641028,129.2333035,Y
알로하펜션,35.29389668,129.2601787,N
발리모텔,35.26206704,129.2315489,N
아셀펜션,35.26179764,129.2327962,N
어베인,35.26122324,129.2330551,Y
1872팡시온펜션,35.25775916,129.2435827,N
부산해운대1872팡시온,35.25773869,129.2435454,N
메르쏭하우스,35.25807928,129.2432716,N
하루펜션,35.25859718,129.2433438,N
고운학리펜션,35.25835087,129.2431815,N
라고마르펜션,35.25891439,129.2434036,N
하운드호텔,35.26552711,129.2305381,Y
농촌체험민박집,35.2964199,129.2025782,Y
일광횡계민박,35.27170254,129.222095,N
엔젤앤가든,35.32483556,129.270191,N
길천여인숙,35.32687594,129.283682,N
산수유,35.36885054,129.2459056,N
늘봄펜션,35.34719821,129.2413723,N
만석꾼캠핑장,35.33110731,129.2711622,N
월내태양민박,35.32614394,129.2772528,N
달빛펜션,35.31859452,129.2632604,N
아름민박집,35.3182258,129.2631794,N
해변민박,35.31776609,129.2629941,N
임랑별장민박,35.31711904,129.2625183,N
성남편의점민박,35.32063136,129.2659866,Y
선민박,35.31824836,129.2637955,N
한바다민박,35.31789191,129.263312,N
임랑펜션형브이민박,35.32042177,129.2658064,N
더뷰펜션,35.31670959,129.2625779,Y
양지민박,35.31898708,129.2638711,Y
임랑태양민박,35.3175556,129.263172,N
동부산온천호텔,35.34336416,129.2531894,N
산장가든,35.36840787,129.246617,N
장안사민박형펜션,35.34845494,129.2536186,N
한옥펜션금수동,35.34466882,129.2532313,N
금관글램핑,35.34359963,129.253861,Y
장원민박,35.34819263,129.2537714,Y
수드,35.36582222,129.2490417,Y
금관가든,35.34358314,129.253817,Y
장안캠프,35.3421815,129.2523192,Y
동부산온천호텔,35.34333574,129.2531717,N
루나펜션,35.3635823,129.250344,N
엔젤앤가든,35.32503924,129.2708113,N
해파랑민박,35.32096957,129.2668787,N
보리수펜션,35.32512177,129.2710794,N
더무빙카라반캠핑,35.32266612,129.2700949,N
텐트오브미팅,35.32402981,129.2736679,Y
오투펜션,35.32187198,129.2679362,N
얀카라반펜션,35.32156866,129.2672237,N
기장문화예절학교,35.32554346,129.2682629,N
호수아펜션민박,35.32136008,129.2667894,Y
휴펜션,35.37055583,129.2444009,N
다란향 한옥,35.31514631,129.1715894,N
호텔다온,35.3212147,129.1799899,N
큐브모텔,35.3212428,129.179862,N
파크모텔,35.32181376,129.1803163,N
기장군청소년수련관,35.31111144,129.1997541,N
병산골목장캠핑,35.34530836,129.1877889,N
초원숲속글램핑,35.34537339,129.1877351,N
초원숲속야영장,35.34507392,129.1877069,N
호수글램핑,35.34646376,129.1851427,N
k2모텔,35.31610069,129.1821329,N
브라운도트호텔,35.31611203,129.1817517,N
호텔라움,35.3160994,129.1809748,N
호텔썸,35.31610989,129.181374,N
더원호텔,35.31639229,129.1842866,N
호텔여기어때,35.31622426,129.1827183,N
부산꿈틀어린이텃밭학교,35.27780524,129.146678,Y
낙원농원,35.33627132,129.1268525,N
실베네집,35.23616044,129.1765641,N
진주당혜,35.2916654,129.1669688,Y
부산유아놀이꿈터,35.27265561,129.1577857,N
영남장여관,35.11849224,129.0793084,N
신라장여관,35.11644331,129.0813704,Y
새여관,35.1178686,129.0798068,Y
리베모텔,35.13574794,129.092109,N
우성빌,35.1356371,129.0925842,Y
남일여인숙,35.13560894,129.0921476,Y
브이모텔,35.13528827,129.0862611,N
호텔스미스,35.13521422,129.0849343,N
보스코호텔,35.13535219,129.0873566,N
스테이 로드12,35.13554001,129.0874999,N
빈센트게스트하우스,35.12837791,129.0919259,N
엠파크모텔,35.13538306,129.087835,Y
어린왕자,35.14112853,129.1005194,Y
풍조장여관,35.13487097,129.0839417,N
호텔브라운도트 대연점,35.13453381,129.0892951,N
호텔뮤리,35.13547057,129.0908831,N
낙원모텔,35.13553131,129.0907202,N
황금모텔,35.13461686,129.0904076,N
뮤트호텔,35.13464742,129.0907994,N
그린하우스,35.13490958,129.094663,Y
장미하우스,35.13500836,129.0945078,Y
히딩크원룸,35.13771426,129.1057581,Y
MAYHOUSE,35.13417062,129.0987066,Y
초이스게스트하우스,35.13374326,129.0999151,N
부산해피하우스,35.13751598,129.1024834,Y
더훈애견호텔,35.1377159,129.1021402,Y
용궁모텔,35.12998202,129.0913517,N
코리아호텔,35.13275907,129.0923112,N
이데아호텔,35.13191378,129.0924305,N
킴스하우스,35.13387259,129.0928229,Y
KIMSHOUSEBUSAN2ND,35.13385763,129.0926373,Y
호텔더그랑,35.13477312,129.0937138,N
꿈모텔,35.13476252,129.0938887,N
UV모텔,35.13467223,129.0914777,Y
아젤리아모텔,35.13450026,129.0888764,Y
유니콘모텔,35.1346684,129.0916322,N
대연동 한스빌,35.13465118,129.0911649,N
지앤지호텔,35.13460158,129.0900052,N
제트호텔,35.13463791,129.0909951,N
K모텔,35.13464223,129.0913184,N
루이모텔,35.13445751,129.0878116,N
웰킨호텔,35.1345972,129.0901742,N
호텔온나,35.13441344,129.0915211,N
DYDCOZYHOUSE,35.13965034,129.0838484,Y
MAMANDAUGHTERHOUSE,35.1326236,129.0887641,Y
부산게스트닷컴,35.14082653,129.0690799,Y
T호텔,35.13756926,129.066685,N
범일여인숙,35.14175932,129.0649752,Y
부산국제금융연수원,35.14649532,129.0658659,N
블루모텔,35.13781958,129.0696365,Y
낙원모텔,35.13760206,129.0702526,N
산해모텔,35.13744963,129.0697071,N
부산 문현동 그랜드,35.1375142,129.0699773,N
블루모텔,35.13772539,129.0694948,N
클라우드나인,35.13768783,129.0700003,N
정성호텔,35.13764753,129.0694224,Y
브이모텔,35.13773947,129.0671398,N
보브호텔,35.13756941,129.0669388,N
노던베이게스트하우스,35.13017206,129.0679146,Y
태양모텔,35.14626724,129.0671184,Y
선샤인하우스,35.14626724,129.0671184,Y
아바니센트럴부산,35.14837957,129.065239,N
엔터모텔,35.13748767,129.0671589,N
데레사의집,35.13939698,129.0693276,Y
문현모텔,35.13547909,129.0685579,Y
대화장여관,35.11316092,129.0942048,N
오륙도여관,35.11429012,129.0949907,N
용당별장여관,35.11329644,129.0943135,N
한국해양수산연수원,35.11251462,129.1022739,Y
용호서울모텔,35.12065547,129.1125603,N
부산해군회관,35.10486567,129.1162479,N
호텔시카고,35.11867923,129.1111579,N
SEALIZARD,35.11753837,129.1152394,Y
네잎클로버,35.13131356,129.1133891,Y
오륙도게스트하우스,35.10399841,129.1182619,Y
성운장여관,35.11428231,129.1107893,N
노블레스모텔,35.11830681,129.1111214,N
베니스모텔,35.11871312,129.1114093,N
가든장모텔,35.11370616,129.1108046,N
넘버25호텔,35.11852927,129.1112952,N
여우하우스,35.12037086,129.1117922,Y
서울모텔,35.12060939,129.112561,N
젠하우스,35.11515197,129.1113346,N
이기대외국인숙소,35.1189426,129.1122489,Y
다해게스트하우스,35.1227472,129.1119905,Y
게스트하우스,35.12631011,129.1082483,N
우암여관,35.12582043,129.0708113,N
ENJOYBUSAN,35.13907149,129.0484465,Y
힐티장,35.14065981,129.0556499,N
엔젤여관,35.141401,129.0556237,Y
금옥여인숙,35.14115043,129.0557862,Y
영광숙박,35.14076529,129.0556089,N
신유아트빌모텔,35.13927072,129.0589658,Y
안드레연수원,35.13091171,129.0593022,N
황토방모텔,35.13872003,129.0609962,N
수채화모텔,35.13872579,129.0616192,N
송림장여관,35.13843734,129.0607675,Y
틴토호텔,35.13830679,129.0607742,N
허브모텔,35.13877091,129.0589071,N
프린스호텔,35.13929949,129.0588743,N
오지게스트하우스,35.13904227,129.0585653,Y
현대,35.13929496,129.0585261,Y
삼오여관,35.13830388,129.0584156,Y
정원장,35.13814517,129.0586212,Y
클라우디아,35.13909484,129.0585299,N
천지장여관,35.13949438,129.058345,N
낙원여인숙,35.13731506,129.0597627,N
CC호텔,35.13749011,129.0606487,N
U모텔,35.13766137,129.0610439,N
산수모텔,35.13777822,129.0604073,N
U모텔,35.13765203,129.0610411,N
산수모텔,35.13777816,129.0604072,N
화신장여관,35.13653407,129.0620319,N
대성그린빌,35.13664622,129.0619482,Y
동일장,35.13668509,129.0616747,Y
일루리삿,35.13569086,129.0631591,N
자성마이홈,35.13665954,129.0621745,Y
명성황토빌,35.1368384,129.0618118,N
잭팟,35.13685731,129.0625763,Y
명성황토빌,35.1368384,129.0618118,Y
황규성,35.13575779,129.0639812,N
모텔369,35.13486904,129.0621177,N
코리아시티관광호텔,35.1380428,129.0635292,N
미진모텔,35.13975763,129.0610287,N
청운모텔,35.13951918,129.0610059,N
미진모텔,35.13975049,129.0610228,N
지앤지모텔,35.13927687,129.0632679,N
호텔라메르,35.14050523,129.0623238,N
범일동 W,35.14006786,129.0617786,N
하운드호텔,35.14018498,129.061939,N
라메르관광호텔,35.14048123,129.0622834,N
센스빌모텔,35.14077157,129.0621698,Y
라온호텔,35.14032664,129.061896,N
와이,35.1406394,129.0617704,Y
루이스호텔,35.14039166,129.0620139,N
금호펠리스,35.14019441,129.0616829,Y
나포리모텔,35.13843013,129.0602848,N
리젠시모텔,35.13870614,129.0607582,N
나포리,35.13842423,129.0602808,N
스토리하우스,35.13844313,129.0604789,N
K7모텔,35.13855096,129.0605,N
허브모텔,35.13842203,129.0606193,N
해동모텔,35.14012607,129.0602694,N
리젠시모텔,35.13871811,129.0607673,N
리치모텔,35.1385407,129.0607998,N
삼성장여관,35.13613372,129.0556784,N
더디자인,35.14076661,129.056945,N
영모텔,35.13648271,129.0557433,N
대동여인숙,35.1402081,129.0560995,Y
더디자인,35.14058208,129.0569841,N
브라운도트 호텔 범일점,35.14027189,129.056931,N
브라운도트호텔,35.14027189,129.056931,N
프린스모텔,35.1174461,129.0404349,N
송림장,35.13843727,129.0607677,N
힐모텔,35.12793217,129.0459675,N
힐모텔,35.12795883,129.0459622,N
꿈모텔,35.12952793,129.0475848,N
수정여관,35.12564541,129.0442417,Y
초량리빙텔,35.12250494,129.0421433,N
보건탕,35.12542534,129.0430162,N
보영여관,35.12717796,129.0459749,Y
경남여인숙,35.12754479,129.0457944,N
동구진로교육지원센터,35.12757021,129.0480407,N
월성여인숙,35.13032769,129.0496354,N
프라임관광호텔,35.13058708,129.0502138,N
동명여인숙,35.1302343,129.0495424,N
브라운도트 호텔 부산진역점,35.12952113,129.048421,N
영빈관모텔,35.12952093,129.0479497,N
청명여인숙,35.12961756,129.0480293,N
수정장여관,35.12531392,129.0435385,N
동원장여관,35.12564929,129.0436893,N
수정장여관,35.12531391,129.0435385,N
본모텔,35.13210928,129.0514041,N
경북여인숙,35.13397037,129.0546199,Y
부산항힐링야영장,35.11408836,129.0503409,N
베스트인시티호텔,35.12030724,129.0414928,N
나우빌,35.12012003,129.040283,N
노떼라미아호텔,35.11184173,129.0397668,N
씨앤씨모텔,35.11310246,129.0370603,N
민트파라다이스,35.11304351,129.0373579,Y
INN부산,35.1141472,129.0376759,N
씨엔씨여관,35.11309666,129.0370628,N
멕시멈호텔,35.11592723,129.0393263,N
마리나레지던스호텔,35.11553521,129.0388643,N
구봉여인숙,35.11515237,129.0390855,N
본역여인숙,35.11433791,129.0384915,N
물레,35.11267844,129.0375148,N
게스트하우스큐브,35.11462842,129.0385976,Y
복성여관,35.11457684,129.0383635,N
남양장,35.1153894,129.0387808,N
장춘모텔,35.11340772,129.0380368,N
알프스모텔,35.1152711,129.0390936,N
크리스탈낮잠,35.11634374,129.0398186,N
대림장,35.11574613,129.0389543,N
거창여인숙,35.11294614,129.0377908,N
더월드,35.1125883,129.0377192,N
황금빌라,35.11299684,129.0378672,N
프리차,35.11615687,129.0341787,Y
이바구캠프,35.11918333,129.0283125,N
이바구캠프,35.11915903,129.0285237,N
게스트하우스트라팔가,35.12314393,129.0350982,Y
까꼬막체험센터,35.12298066,129.035773,N
이바구충전소,35.11736277,129.0346707,N
오름,35.11690236,129.0351089,N
세느모텔,35.11271338,129.0375962,N
동원여관,35.11292116,129.0365685,N
게스트하우스코리아 부산역점,35.11751607,129.0414816,N
새여관,35.11918692,129.041455,N
테마모텔,35.11913921,129.041251,N
웰컴부산,35.11934293,129.0414953,N
미라벨모텔,35.11366132,129.0384222,N
마리나레지던스,35.11371712,129.0369946,N
이데아호텔,35.11215514,129.0401919,N
모나코모텔,35.1126008,129.040072,N
부산역비즈니스호텔,35.11239691,129.0399828,N
팝콘호텔,35.11269459,129.0395025,N
오름 레지던스 호텔,35.1124026,129.0402156,N
이데아호텔,35.11212426,129.0401031,N
대원모텔,35.11663874,129.0379092,N
테레목호스텔,35.11564069,129.0383326,N
테레목호스텔,35.11563939,129.0383357,N
동일장모텔,35.11546379,129.0378214,N
동일장모텔,35.11546159,129.0378315,N
미래장,35.11507712,129.038941,N
미래장,35.11508233,129.0389429,N
온팍스레지던스,35.11319226,129.0405547,N
탑모텔,35.11335134,129.0403744,N
라마다앙코르부산역호텔,35.11430257,129.0403367,N
원웨이게스트하우스 부산점,35.11413947,129.0401455,N
코인모텔,35.11345391,129.0404196,N
호텔코코,35.11399908,129.0403372,N
힐모텔,35.11335134,129.0403744,N
오렌지게스트하우스 부산역점,35.11367076,129.0405183,N
모찌호스텔,35.11319844,129.0405223,N
아몬드호텔,35.11377512,129.0406566,N
탑모텔,35.11325689,129.040336,N
토요코인 부산역1,35.11415906,129.0407606,N
부산뷰호텔,35.11337896,129.0405489,N
퀸모텔,35.1158758,129.0391947,N
까무스모텔,35.11564503,129.0390421,N
부영장여관,35.11673159,129.0399836,N
청우여인숙,35.11636681,129.039451,N
더웨이호텔,35.11626509,129.0393245,N
서울모텔,35.11678074,129.0398553,N
호텔26,35.11667806,129.039755,N
서울여관,35.11684456,129.0398495,N
아리아모텔,35.11647811,129.0387307,N
브라운도트호텔,35.11634076,129.0383925,N
3.6.9 모텔,35.11660109,129.0413912,N
369모텔,35.11659428,129.0413948,N
부산인모텔,35.11652083,129.0415268,N
아스티호텔,35.11617411,129.0417928,N
파밀리에게스트하우스,35.11639371,129.041285,N
광장관광호텔,35.11619244,129.0413443,N
코리아나모텔,35.11724523,129.0399424,N
대구여관,35.1173101,129.0398184,N
은하모텔,35.11741119,129.0398661,N
소호스텔,35.11710372,129.0416127,N
첵앤아웃게스트하우스,35.11755611,129.0416017,N
숨게스트하우스,35.11757902,129.0416361,N
코리안모텔,35.11753814,129.0401639,N
태아장모텔,35.11769539,129.040114,N
프린스모텔,35.11744607,129.040435,N
진주여인숙,35.1178373,129.040405,N
프린스모텔,35.11744607,129.040435,N
보라장,35.11784224,129.0405127,N
목화모텔,35.11821419,129.0395666,N
더비에스호텔,35.11856186,129.0425935,N
센텀모텔,35.1184087,129.0425212,N
케이게스트,35.11810172,129.0423707,N
하운드호텔 부산역,35.11775044,129.0426829,N
플러스모텔,35.11875401,129.0409266,N
세종장여관,35.11949973,129.042628,N
장안여관,35.12055424,129.0431888,N
호텔그레이초량,35.12210939,129.0443324,N
호텔포레,35.12258841,129.0445878,N
호텔포레 부산역점,35.12257601,129.0446127,N
OJ모텔,35.1238101,129.0453933,N
동해장여관,35.11894293,129.039534,N
서채,35.11949676,129.0309317,Y
무진장여관,35.11883781,129.0396469,N
황금여인숙,35.11659924,129.0388549,N
스마일모텔,35.11673391,129.0390275,N
단테하우스B,35.11663762,129.0389709,N
샤이어호텔,35.11763698,129.0399496,N
귀빈모텔,35.11570063,129.0387527,N
스마일모텔,35.11673391,129.0390275,N
디노호텔,35.11587351,129.0387715,N
마이호스텔 부산역점,35.11581904,129.0385736,N
콜모텔,35.11608219,129.0386183,N
궁중손칼국수,35.11678579,129.0390744,N
오션모텔,35.11560152,129.0386132,N
썬모텔,35.11595208,129.0384489,N
단테라운지,35.11661577,129.0389658,N
단비,35.11951694,129.0405523,N
한림양식당,35.11915372,129.040691,N
힐코모텔,35.11945996,129.0406798,N
만복장여관,35.11955094,129.0406791,N
황진이,35.11927068,129.0405475,N
만복장여관,35.1195509,129.0406791,N
만수장,35.11932041,129.0404441,N
갑진여인숙,35.11970507,129.0394659,N
유진장모텔,35.119845,129.0392501,N
갑진여인숙,35.11970772,129.0394599,N
CHORYANG38,35.12168984,129.0345615,N
이스튼모텔,35.11959507,129.0390441,N
힐모텔,35.12133226,129.0397502,N
신부여인숙,35.12118593,129.0392959,N
로얄장여관,35.11766486,129.038798,N
산동여관,35.11665209,129.0384699,N
부산숙박닷컴,35.11715373,129.0385214,N
필모텔,35.11782509,129.0388609,N
게스트하우스 싱글싱글,35.11370828,129.0368101,N
Inside Busan Hostel,35.11340821,129.0360857,N
워라밸게스트하우스,35.11317473,129.0362672,N
태림하우스,35.11400751,129.0366828,N
Elephant House,35.11344213,129.0363969,N
부산숙박닷컴,35.11714316,129.0385157,N
대원장여관,35.1165128,129.0379225,N
주식회사 모닝듀,35.11417796,129.0364591,N
정하우스,35.11460321,129.0374652,Y
도원장여관,35.11892367,129.0390269,N
동신장여관,35.11892558,129.0388133,N
한길여인숙,35.11886264,129.0394528,N
르컬렉티브G7바이어반스테이,35.11645529,129.0459152,N
스위트모텔,35.20141838,129.0881829,N
꿈모텔,35.2013744,129.0880579,Y
프린스모텔,35.20137336,129.0880551,N
리베모텔,35.20053444,129.087462,N
희망타운빌,35.20140507,129.0885514,N
수림모텔,35.20122752,129.0881067,N
명조여관,35.20568707,129.0825106,Y
향수장여관,35.20495312,129.0826179,N
락모텔,35.20483979,129.0821971,N
COCO모텔,35.20394651,129.083671,N
가자2,35.20473296,129.0828039,Y
가자,35.2048618,129.0827205,N
MEGAMOTEL,35.20516412,129.0826781,N
헬로,35.20485831,129.0830224,N
남도여인숙,35.20403256,129.0835377,N
로망모텔,35.20486599,129.08269,Y
꿈모텔,35.20473987,129.0827719,N
지엔지모텔,35.20436659,129.0833661,N
보브모텔,35.20454579,129.0832239,N
호텔아마레,35.20468963,129.0831113,N
에덴모텔,35.20413842,129.0836397,N
브이모텔,35.20508832,129.0829454,N
계림장여관,35.20454846,129.0822474,N
삼육구모텔,35.20444908,129.0835178,N
토토모텔,35.20426506,129.0838011,N
명조여관,35.20677564,129.0825676,N
동성,35.20607041,129.0837393,Y
전망좋은민박게스트하우스,35.21267189,129.099115,Y
보림모텔,35.20393788,129.1014678,N
서호모텔,35.202866,129.0994536,N
롯데모텔,35.20992859,129.1046825,N
청록장,35.20384149,129.1012297,N
동래구평생학습관,35.21152834,129.0956968,N
해피홈스테이,35.20569656,129.088553,Y
현대여인숙,35.20432462,129.0853123,Y
보람게스트하우스,35.1980562,129.0521547,Y
THEANTIQUE,35.20003036,129.0666361,Y
크리스탈모텔,35.20124108,129.0847325,N
은성여관,35.20265821,129.0877332,Y
한일장,35.20316289,129.0841292,N
귀빈장,35.20274121,129.0844604,N
더빌,35.20276762,129.084316,Y
세븐브릿지,35.20163699,129.0861289,N
로망스모텔,35.20196013,129.0858529,N
화성,35.20252856,129.0859648,Y
동성여인숙,35.20246274,129.0862271,Y
블루힐모텔,35.20040574,129.085257,N
마모텔,35.20198818,129.0876892,N
명신여관,35.20255391,129.0865148,Y
라찌모텔,35.19679734,129.0976665,N
리셰,35.19655468,129.0974508,N
SAINT9,35.19656504,129.0976905,Y
세인트나인호텔,35.19656504,129.0976905,N
영빈장여관,35.19932586,129.0985475,N
화목,35.19891599,129.0986709,Y
이브모텔,35.1993243,129.0985159,N
토담황토방모텔,35.21850284,129.0799206,Y
스카이,35.21850452,129.0800547,Y
VOS모텔,35.21912199,129.0807266,N
호텔농심,35.22025936,129.0823201,N
천일온천호텔,35.2214515,129.0813225,N
녹천온천호텔,35.22049791,129.0809067,N
중앙온천,35.22068477,129.0811585,N
호텔프랑스,35.2225688,129.0810093,N
6번가모텔,35.22395456,129.0820084,N
형제그린빌,35.21602001,129.0783187,N
한솔모텔,35.2233701,129.0820883,N
한송원룸,35.22324466,129.0820007,N
문화장여관,35.22356063,129.0819004,N
영진여인숙,35.2163905,129.0783236,Y
대양오션,35.22295943,129.0815356,N
수원장여관,35.22332752,129.0812279,N
동남장여관,35.22296786,129.0810078,N
목원장여관,35.21987424,129.080571,N
롯데별장여관,35.22119976,129.0805233,Y
세금장모텔,35.21991951,129.0800662,N
대영모텔,35.21960521,129.0802391,Y
식물장여관,35.22320444,129.0811528,N
동궁장여관,35.22373077,129.0819959,N
청송장여관,35.22320439,129.0821637,N
도브호텔,35.21915508,129.0796287,N
금강골드모텔,35.21756249,129.0786483,Y
만우장모텔,35.22300786,129.0817765,Y
W모텔,35.2185717,129.0814413,N
한림,35.2179585,129.0799103,Y
비바체,35.2180015,129.0797868,Y
무아모텔,35.22004584,129.079913,N
대성관호텔,35.21959359,129.0811015,N
갤럭시모텔,35.21973859,129.0806508,N
파란하늘,35.2198963,129.08145,Y
카리노호텔,35.21956197,129.0815137,N
호텔킹,35.21997334,129.0811432,N
대일장여관,35.22041779,129.0803173,Y
한빛장,35.22057612,129.0801857,N
은성장여관,35.2208107,129.0801934,N
더고침펠리스,35.21536592,129.0780404,N
호텔MVG,35.21396901,129.0787787,N
동성,35.20831506,129.070707,Y
평강여관,35.20819364,129.0710664,N
금강국민호텔,35.22503944,129.0747994,N
고성장,35.21201609,129.0584188,N
The M Hotel,35.21235174,129.059827,N
동래온천호텔,35.21290664,129.0785243,N
해미,35.21384988,129.0774876,Y
인터파크모텔,35.21308492,129.0783213,N
뉴부산모텔,35.21359966,129.0784161,N
젬모텔,35.21328281,129.0782594,N
동래온천호텔,35.21336253,129.0780856,N
예천장여관,35.21390798,129.0781905,N
뉴부산모텔,35.21358385,129.0784282,N
로얄모텔,35.20697481,129.0698191,N
에이스,35.20532489,129.0698323,N
더스톤브릿지호텔,35.20254823,129.0697081,N
선우장여관,35.20644826,129.07128,N
꿈의궁전모텔,35.205262,129.0671086,Y
이화장,35.20598491,129.0671773,N
민정텔,35.20604802,129.0688688,N
하나빌,35.20594404,129.0689965,N
백송모텔,35.20634353,129.0680574,Y
해피맘하우스,35.20426447,129.0677075,N
거북장모텔,35.20314676,129.0661053,N
오렌지별장,35.20338709,129.067675,N
골든웰모텔,35.20298459,129.067775,Y
사직 덴바스타 시그니처호텔,35.20343416,129.0680018,N
사직 덴바스타 시그니처호텔,35.20342904,129.0679934,N
페이지호텔,35.20326038,129.0686595,N
올리브 모텔,35.2033293,129.0689836,N
에스에스모텔,35.20290356,129.068984,N
코리아나모텔,35.2200687,129.084895,N
하이원레지던스,35.21583908,129.079471,Y
레지던스에이치,35.21584363,129.0794748,Y
온천장오호텔,35.21600163,129.0793198,N
동래모텔,35.22014273,129.0846607,N
보노호텔,35.21557401,129.0792434,N
지앤지모텔,35.21585599,129.0793081,N
썬모텔,35.22020981,129.0849217,N
송원별장,35.21977299,129.0841225,N
레지던스H,35.21586297,129.079478,Y
369모텔,35.22122587,129.0821613,N
S모텔,35.22150382,129.0823211,N
드림모텔,35.22088151,129.081813,N
현대온천,35.22136001,129.0815762,N
만수여관,35.22098032,129.0816271,Y
현대온천레지던스,35.22161621,129.0816342,Y
온천테마모텔,35.22112354,129.0817475,Y
허심모텔,35.22141907,129.0820034,N
황토방모텔,35.22235087,129.0842093,N
천우장,35.22200373,129.0841633,N
도윤빌,35.22225357,129.0844037,N
대성장여관,35.22346922,129.0825686,Y
라메르,35.22194734,129.0842903,N
푸른장여관,35.22235746,129.0837334,N
호텔L,35.21620536,129.0813389,Y
우림여관,35.2076538,129.0718274,N
청원장여관,35.20737803,129.0731786,N
호텔야자,35.2177684,129.0828464,N
호텔오즈,35.21804237,129.0829242,N
호텔 이그니스,35.21816786,129.0829875,N
JS모텔,35.21788848,129.0828957,N
미투나호텔,35.21681674,129.0787685,N
이브레지던스,35.21827858,129.0817522,N
아담빌라,35.21835409,129.0817073,N
큐브모텔,35.21825937,129.0813665,N
샤인모텔,35.21814722,129.0815181,N
타히티모텔,35.21793047,129.0808971,N
CG모텔,35.2161254,129.0792039,N
리&빌,35.21479547,129.0781106,N
솔롱고스백패커스,35.21520187,129.0787152,N
모심빌,35.21731408,129.0800112,N
올레지던스,35.21682926,129.0795157,N
대림장여관,35.21673772,129.0794007,N
그린모텔,35.21699406,129.0792892,N
빅토리아모텔,35.21718772,129.0795104,N
오가모텔,35.21688037,129.0792337,Y
동산모텔,35.20728569,129.0705552,N
태백모텔,35.20671492,129.0704623,N
투유모텔,35.20648679,129.0701242,N
하운드호텔 미남역점,35.20571838,129.0703725,N
하루호텔,35.20635918,129.0704533,N
볼리아 사직점,35.20499854,129.0700457,N
유토피아모텔,35.2061165,129.0700612,N
태백모텔,35.2067116,129.0704541,N
투헤븐호텔,35.20517043,129.0700421,N
버튼호텔,35.20568733,129.0700898,N
모텔테라메르,35.2053059,129.0700594,Y
고궁장여관,35.20704536,129.0705456,N
파라죠모텔,35.20692903,129.0703321,N
미스터브릭호텔,35.20686582,129.0698944,N
에이치에비뉴,35.20660287,129.0700647,Y
코지트리,35.20241763,129.0896044,Y
온천특실,35.15398681,129.0341275,N
호텔꿀비,35.15516374,129.0361714,N
태화여관,35.15630674,129.0429364,N
태화여관,35.15624486,129.0429463,N
더블유모텔,35.15217527,129.0216406,N
"네이버지도명 - '부산 개금e패션', 간판 - '호텔 e패션'",35.15236756,129.0234863,N
버킹검모텔,35.15251828,129.023101,N
레인보우모텔,35.15234276,129.0230705,N
레인보우호텔,35.15233057,129.0230578,N
허브모텔,35.14852999,129.020877,N
은하탕,35.15759592,129.0491411,N
다온하우스,35.15762072,129.0454496,N
센트모텔,35.15757646,129.0485476,N
피노키오,35.15775378,129.0489802,N
고궁모텔,35.15741683,129.04877,N
리버모텔,35.15767736,129.0485892,N
서림장여관,35.16620607,129.0394561,N
서림장여관,35.16621871,129.039455,N
봉선모텔,35.16592872,129.0406128,N
GREENHOUSE,35.15801113,129.0407351,Y
평해여인숙,35.16285594,129.0442595,N
밀양,35.16272963,129.0427096,Y
부일장여관,35.15925736,129.0499415,N
부일장여관,35.15926012,129.0499794,N
보강여인숙,35.1424925,129.057987,Y
산들수피아,35.14313517,129.0583591,Y
9번가트래블텔,35.14385332,129.0587778,N
주안하우스,35.14399652,129.0585515,N
네이버지도명 - '9번가 트래블텔',35.14389172,129.0587926,N
부산장,35.14350287,129.0582939,N
천애,35.14293033,129.0619013,Y
그랜드빌,35.14362568,129.0584824,N
YUNSHOUSE,35.1550816,129.0459097,Y
화동장,35.14291051,129.0554592,N
화동장,35.14290338,129.0554534,N
다이나믹게스트하우스,35.14980569,129.0576677,N
목화장여관,35.14700256,129.0579147,Y
대호모텔,35.14225239,129.0630143,N
호텔아모르,35.14223867,129.062617,Y
덴바스타호텔,35.14314713,129.0627571,N
예스모텔,35.14223464,129.0626147,N
K모텔,35.14244583,129.0625915,N
호텔큐파이브,35.14244873,129.0628281,N
7TH호텔,35.14807919,129.0586217,N
대성여인숙,35.14795338,129.058316,N
더호텔7TH,35.14807636,129.0586028,N
부산여인숙,35.1446214,129.0597165,N
"POI명 - 부산, 네이버지도명 - 부산여인숙",35.14463642,129.0597193,N
타히티모텔,35.1431687,129.0614892,Y
네이버지도명-이그이스모텔,35.1483474,129.06164,N
G7호텔,35.1490178,129.0609645,N
오즈모텔,35.14883192,129.061417,N
하루호텔,35.14856508,129.0604133,N
김치게스트하우스,35.14837391,129.0603388,N
투헤븐모텔,35.1480956,129.0604701,N
리순덕호텔,35.14870954,129.0602228,N
브라운도트호텔,35.14848638,129.0606016,N
하운드호텔,35.14823734,129.060463,N
투헤븐호텔,35.14809918,129.0604164,N
호텔25시,35.14799932,129.0604833,N
호텔콤마,35.14856646,129.0601728,N
싸이버모텔,35.14820527,129.0602296,Y
네이버지도명 -'리순덕호텔',35.14871457,129.0602029,N
SS모텔,35.14884811,129.0601953,N
서림모텔,35.14511351,129.0598767,N
프렌치코드호텔,35.14726223,129.0602891,N
잉카모텔,35.16836433,129.0511585,N
로얄모텔,35.16802104,129.0512825,N
프린스별장,35.16810891,129.0514121,Y
잉카모텔,35.16832333,129.0511642,N
유림장여관,35.16734467,129.0517383,Y
월성모텔,35.16532017,129.0510155,N
경일장여관,35.15964004,129.0505653,N
경일장여관,35.15960708,129.0505624,N
경일장여관,35.15960708,129.0505624,N
월성모텔,35.16076458,129.0507725,Y
목원장여관,35.16209329,129.0543514,N
브라운도트호텔,35.15144681,129.0581988,Y
롯데호텔,35.15671602,129.0555873,N
부산롯데호텔,35.15679003,129.0564162,N
테마모텔,35.15842284,129.0539795,N
수연장여관,35.15798523,129.0542796,N
브라운도트 호텔 서면역점 비즈니스,35.15660168,129.0540147,N
올인모텔,35.15886183,129.055097,N
프로포즈 모텔,35.15528276,129.0569114,N
K9모텔,35.15533374,129.0567822,N
더블린호텔,35.15505577,129.056593,N
휴모텔,35.15473986,129.0568235,N
계림장여관,35.15746734,129.0620246,N
더홈레이디,35.1594476,129.0621044,N
S모텔,35.15474701,129.0620462,N
소호호텔,35.15861686,129.0617684,N
삼호장여관,35.15850849,129.0613344,N
모텔YOU아인,35.15815594,129.061546,Y
레지던스머뭄,35.15884453,129.0617251,N
동경장여관,35.15814259,129.0613647,N
하루모텔,35.15618517,129.0612268,N
홈호텔,35.1563924,129.0617138,N
다뉴브호텔,35.15607314,129.0615952,Y
아주여관,35.164229,129.0610691,N
거북장여관,35.16430723,129.061176,N
거북장여관,35.16426746,129.0612815,N
초원호텔,35.15472573,129.0551369,Y
도원장,35.1634603,129.0597247,N
티알티호텔,35.15323683,129.0558452,Y
지지배,35.15903981,129.0544999,N
TRTHOTEL,35.15323683,129.0558452,N
짝호텔,35.15295948,129.0566393,Y
호텔초원,35.15466742,129.0551348,Y
오스카관광호텔,35.15223043,129.0570959,Y
부산비즈니스호텔,35.15614787,129.0544041,Y
SF장모텔,35.15193184,129.0566732,Y
샤이어호텔,35.15223043,129.0570959,N
퀸스호텔,35.15502879,129.0553457,N
크로바여관,35.16112187,129.0549787,N
원진,35.16321083,129.0594999,N
황실장여관,35.16112961,129.0552612,Y
SF모텔,35.1519504,129.0567026,N
유니크스테이,35.15533642,129.0547556,N
부산 비즈니스 호텔,35.15610984,129.0545363,N
오스카호텔,35.1522305,129.0570977,Y
짝럭셔리호텔,35.15298466,129.0564824,N
호텔시카고,35.15371051,129.055685,Y
국제장여관,35.1611811,129.0572887,N
국제여관,35.16117916,129.0572847,N
국제여관,35.16117916,129.0572847,N
부호장여관,35.16116578,129.058248,N
부호장,35.16116486,129.0582422,N
부산장,35.16010913,129.058456,N
부산모텔,35.16011492,129.0584541,N
로망스모텔,35.16115621,129.0584878,N
우리모텔,35.15336443,129.0568818,N
호텔제이세븐원,35.15249867,129.0570318,Y
호텔제이세븐투,35.15239458,129.0570356,Y
호텔더로사,35.15249867,129.0570318,Y
넘버25 호텔 서면1번가점,35.15261614,129.0570678,N
호텔치즈,35.15344774,129.0565869,N
온,35.15356318,129.0565774,Y
V.V모텔,35.15367424,129.0570416,N
더블유호텔,35.15274897,129.0566869,Y
호텔J7,35.15239458,129.0570356,N
모텔오투,35.15331752,129.0571502,N
시티호텔지앤지,35.15359537,129.0568996,N
ON모텔,35.15356497,129.0565007,N
필 모텔,35.15316477,129.0569413,N
Y모텔,35.15242629,129.056806,N
아바모텔,35.15386379,129.0571096,N
하림장모텔,35.15861186,129.0537162,N
세운장,35.15879499,129.056335,Y
뉴부산장여관,35.15843714,129.056426,N
라라비안코 비즈니스 호텔,35.15882716,129.0559571,N
수빈장여관,35.15972742,129.0568339,N
더블유모텔부산,35.15990707,129.0569352,N
호텔티티,35.16069778,129.0564859,N
W모텔,35.15992419,129.0569148,N
부산여인숙,35.1596953,129.0568919,N
캘리호스텔 서면본점,35.16026523,129.0592033,N
J모텔,35.16008446,129.0586352,N
놈모텔,35.15995398,129.0552562,N
이화장모텔,35.16048876,129.0563342,N
369모텔,35.16064593,129.0560726,N
호텔밴드,35.16064593,129.0560726,N
동광여인숙,35.16235374,129.0574276,N
동광여인숙,35.16235374,129.0574276,N
초원장,35.16216813,129.0564855,N
쉬리모텔,35.15997944,129.0596214,N
조아모텔,35.15991504,129.0597916,N
삼화여관,35.16039938,129.0604428,N
OK모텔,35.16005096,129.0596829,N
넘버25호텔,35.15914491,129.0594884,N
조아장,35.15991504,129.0597916,Y
부산 서면 블루밍호텔,35.15200989,129.0581902,N
IB호텔,35.15224743,129.0572604,N
유나호텔 비지니스,35.15198678,129.0573227,N
블루모텔,35.15294788,129.0572747,N
사우스반데코호텔,35.15104769,129.0581902,N
솔라리아니시테츠호텔,35.15237637,129.0581917,N
부영모텔,35.15388455,129.0573324,Y
현대모텔,35.15228841,129.0574181,Y
K7모텔,35.15367946,129.0573229,N
몰디브모텔,35.15368163,129.0571754,N
트래블라이트,35.15466291,129.058243,N
일번가모텔,35.15479903,129.0582028,N
스테이원,35.15479903,129.0582028,N
숨모텔,35.159798,129.0555861,N
홍도장여관,35.15913452,129.0561328,N
숨모텔,35.15979792,129.0555861,N
부산게스트하우스세리인,35.15932136,129.0559058,N
ZAVA모텔,35.15930416,129.05615,N
경성여관호텔,35.15970246,129.0563274,Y
브이모텔,35.15976272,129.0565217,N
모텔지에스,35.16136043,129.0548109,N
월렉스모텔,35.16122887,129.0546082,N
올리브모텔,35.15835254,129.0553756,N
핑크장,35.15834458,129.0555458,N
하이모텔,35.15817134,129.0559002,N
핑크모텔,35.15835442,129.0555453,N
쌍마모텔,35.15839448,129.0559993,N
롯데빌,35.15789902,129.0613752,Y
롯데빌,35.15798383,129.0613569,Y
QT모텔,35.15582712,129.0603682,N
제니하우스,35.15694241,129.0598572,N
미호재스테이,35.15693928,129.0598549,N
금하장여관,35.15922408,129.0613285,N
금하장여관,35.15922782,129.0613186,N
브라운도트 호텔 서면1호점,35.15896579,129.0611729,N
젠백팩커스호스텔,35.15366742,129.0540269,N
블루백팩커스호스텔,35.15247589,129.055282,N
시카고호텔,35.15370539,129.0555294,Y
"네이버지도명 - '미니 바이 유니크스테이', 간판 - 'HOTEL MINI'",35.15297378,129.0548166,N
1박2일모텔,35.15335227,129.0547118,N
X모텔,35.15232348,129.060067,N
K게스트하우스,35.15270274,129.0585855,N
24게스트하우스,35.15285601,129.0585788,N
호텔야자,35.1511465,129.0586256,N
삼천장,35.15712977,129.0601993,N
이비스앰배서더,35.16184477,129.0618816,N
어반스테이더센트럴,35.15931262,129.0609156,N
어스틴게스트하우스,35.15183234,129.0603425,N
다니엘게스트하우스,35.1513606,129.0610997,Y
삼호장여관,35.15483716,129.0605006,N
블루호텔,35.15576579,129.0610557,Y
삼호모텔,35.15483513,129.0605182,Y
호텔유케이,35.15386257,129.0613436,N
지오모텔,35.15371909,129.0614722,N
그랑호텔,35.15411878,129.0611082,N
호텔 아리아 서면,35.1560295,129.0612241,N
브이호텔,35.15474852,129.0557498,N
호텔엘레펀트,35.15532509,129.0560521,N
호텔 25시,35.15484717,129.0562535,N
호텔 더 스위트,35.15504664,129.0562299,N
렛츠고모텔,35.15521349,129.0555028,N
호텔더스위트,35.15504664,129.0562299,N
호텔와이티티,35.15555822,129.0553379,N
하운드호텔,35.15485427,129.0560237,N
호텔25시,35.15484717,129.0562535,N
태양모텔,35.15532634,129.0558916,Y
쉼모텔,35.15529254,129.0554273,N
와우모텔,35.15513609,129.0559556,N
꿈의궁전모텔,35.15552828,129.0562299,N
라이온호텔,35.15508346,129.056101,N
부산모텔,35.1548188,129.0555147,Y
YTT모텔,35.15555808,129.0553418,N
호텔야자,35.15556388,129.0560698,N
더클럽호텔,35.15485176,129.0565632,N
더클럽호텔,35.15478012,129.0565531,N
파레스빌,35.15410309,129.0563925,Y
아르반호텔,35.15463886,129.0571894,N
엔젤호텔,35.1540265,129.0619158,N
호텔 엔젤,35.15408577,129.0618853,N
화성장여관,35.15566686,129.0606589,N
동명장여관,35.15560968,129.0605483,N
R모텔,35.15507189,129.0619244,N
명신,35.15944614,129.0598243,Y
신신호텔,35.15980174,129.0589835,N
간판 - 태화모텔,35.16254874,129.0592094,N
브이원스토리,35.17269578,129.0702968,Y
순우정모텔,35.1701914,129.0677145,N
화지청소년문화회관,35.17514854,129.0616758,N
양정청소년수련관,35.17729624,129.0717334,N
낙원모텔,35.17122324,129.0690058,N
스테이에비뉴호텔 양정점,35.17122129,129.0691565,N
브라운도트 호텔 양정점,35.17136231,129.0691209,N
1박2일,35.17121398,129.0691503,Y
낙원모텔,35.17121792,129.0689993,N
스테이에비뉴호텔 양정점,35.17121398,129.0691503,N
반도,35.17208889,129.0698389,Y
선풍장여관,35.17073869,129.070587,N
큐브모텔,35.17273658,129.0721349,N
온정,35.1707306,129.0705714,Y
호텔369,35.16912541,129.068879,N
호텔369,35.16911933,129.0688748,N
비전빌,35.17405412,129.0746512,Y
스타빌,35.17349988,129.0733353,Y
호림모텔,35.17301037,129.0726509,N
V1모텔,35.17255174,129.0703982,N
윙크장,35.17551439,129.0739968,N
미광장여관,35.16913002,129.0508317,N
금성장여관,35.17197372,129.0577484,Y
골드모텔,35.15986302,129.0664917,N
카라,35.15378233,129.0691237,Y
영진목욕탕,35.16049079,129.0661793,N
토요코인호텔,35.15796708,129.0640808,N
토요코인호텔 부산서면,35.15796689,129.0640534,N
신라장여관,35.16027882,129.0637298,N
청운장,35.16041044,129.0646596,Y
리아하우스,35.15263866,129.0650172,Y
엘라하우스,35.15669999,129.0645742,N
하루모텔,35.16632243,129.0669624,N
전포여관,35.15473223,129.0604111,N
모텔리베라,35.18110743,129.0484484,N
젬모텔,35.18104508,129.0481203,N
브라운도트호텔,35.18098586,129.0478229,N
쏠호텔,35.18105762,129.0482399,N
짱9모텔,35.18088047,129.0485418,N
모텔리베라,35.18109848,129.0484503,N
꿈나무교통나라,35.18660523,129.0454144,Y
설탕모텔,35.18146413,129.0482347,N
설탕모텔,35.18149589,129.0482395,N
리베라여관,35.18139519,129.0484789,N
리베라모텔,35.18137041,129.0486754,N
이화모텔,35.18114716,129.0486552,N
이화장,35.18114716,129.0486552,N
초읍 유나호텔,35.18214498,129.0482519,N
넘버25 호텔 초읍점,35.18196497,129.048263,N
발렌타인모텔,35.18160136,129.0476416,N
온모텔,35.18115263,129.0477544,N
아이리스모텔,35.1812842,129.0481262,N
루모텔,35.18146837,129.0480579,N
비타민호텔,35.18155566,129.048036,N
비타민호텔,35.18155164,129.0480257,N
라라호텔,35.18220792,129.0478919,N
은빈장,35.182277,129.0478054,Y
로얄모텔,35.18231484,129.0475679,N
코리아나 모텔,35.18225681,129.047671,N
모텔 알리바바,35.18159173,129.0465395,N
아리바바여관,35.18174058,129.0466456,N
아리바바여관,35.18174329,129.0466523,N
경남장여관,35.20612018,128.9989645,N
엠유,35.20640856,128.9993393,N
엠유모텔,35.20641044,128.9993476,N
테크노모텔,35.20657704,128.9994946,N
청포장여관,35.2033517,128.9956474,N
뉴몽블랑모텔,35.20553178,128.9982738,N
녹천장,35.20612312,128.9992365,N
샤롯데모텔,35.20328843,128.9957767,N
향원장모텔,35.20605064,128.9971962,N
중앙,35.2031573,128.9942393,Y
보라장여관,35.20509832,128.9966379,N
아몬드호텔,35.2049175,128.9957229,N
산해,35.2043699,128.9956609,Y
보림,35.20299887,128.994277,Y
울산장,35.20441347,128.9956883,N
명성장여관,35.20399518,128.9950781,N
애플모텔,35.20883043,129.0009864,N
썸모텔,35.20857009,129.0007426,N
이데아호텔,35.20749588,128.9994216,N
스미스호텔,35.20900888,129.0010643,N
한일여관,35.20847856,129.0031491,N
한일여관,35.20848694,129.0031647,N
서울,35.20338034,128.9944307,N
국보장여관,35.20955661,129.0041076,N
백한여인숙,35.20681534,128.9973898,Y
화목장여관,35.20899976,129.0029988,N
A모텔,35.20371899,128.9946933,N
바르도호텔,35.20900686,128.9999617,N
국보장여관,35.20955649,129.0041075,N
삼오장여관,35.20889977,129.0002222,N
V7모텔,35.20378277,128.994749,N
엘리스모텔,35.20385528,128.9948348,N
글로리모텔,35.20916913,129.0003853,N
베니스모텔,35.20903374,129.0004044,N
세븐모텔,35.20960174,129.0005585,N
유선게스트하우스,35.19779347,128.9894959,N
창성장여관,35.20563293,128.996627,N
부산여인숙,35.20555996,128.996564,Y
밀양,35.20577967,128.996368,Y
서전별장,35.20720508,128.9986443,N
동원장여관,35.20707033,128.9984378,N
용궁장여관,35.20718948,128.9982807,N
초록장여관,35.20728847,128.9984417,N
대업장,35.2072045,128.9981747,N
모텔캣츠,35.20680983,128.9975868,N
역전여인숙,35.20642248,128.997406,N
프린스모텔,35.20762221,128.9987717,N
모란장여관,35.20740101,128.9988842,N
M모텔,35.20729714,128.998965,N
뉴캐럿모텔,35.20980823,129.0006952,N
와우모텔,35.20981187,129.0008525,N
I모텔,35.20874951,129.0007573,N
브띠크모텔,35.20911036,129.0008787,N
청우장여관,35.20889291,129.0007317,N
그린모텔,35.20878569,129.0016862,N
V모텔,35.20848622,129.0014935,N
쇼모텔,35.2086426,129.0015774,N
브라운도트호텔,35.20833283,129.001219,N
동영여인숙,35.20721983,129.001318,N
경수장여관,35.20928539,129.0045949,N
은선장,35.20268949,128.9964486,Y
영빈장여관,35.20231771,128.995949,N
태흥장여관,35.20289394,128.9963779,N
은성장여관,35.20279343,128.9963039,N
상록장여관,35.20724257,129.0027771,N
로얄,35.2088723,129.0030616,Y
아림장,35.2083052,129.0030321,N
미오하우스,35.24927116,129.0139454,Y
부산광역시인재개발원,35.2670397,129.0231606,N
금곡청소년수련원,35.25948514,129.0166789,N
화명오토캠핑장,35.22236866,129.0006771,N
1박2일모텔,35.21037217,129.0040236,N
스카이모텔,35.21034206,129.004183,N
송림장여관,35.21039303,129.004456,Y
에이유호텔,35.21040931,129.0031021,N
리베라모텔,35.21043553,129.0035535,N
매직모텔,35.21095051,129.0053979,N
덕천모텔,35.21172191,129.0093667,N
만수장모텔,35.21114622,129.0072182,N
덕천코코호텔,35.21197204,129.0095596,N
일번가모텔,35.21113288,129.0070297,Y
온누리원룸텔,35.21090387,129.0064505,N
그림모텔,35.21114173,129.0061453,N
힐링모텔,35.21107664,129.005949,N
동원장,35.21076858,129.0057516,Y
브라운도트호텔,35.21086504,129.0062893,N
투헤븐호텔,35.21011239,129.0036485,N
덕천여인숙,35.21022919,129.0040292,Y
티파니모텔,35.21028587,129.0038068,N
에스모텔,35.21072234,129.0098835,N
모텔썸,35.21014597,129.0074796,N
만수장,35.2110058,129.0072576,Y
호림장여관,35.21096423,129.0101301,N
편한게스트하우스,35.21202038,129.0140922,Y
25시모텔,35.21134821,129.0120034,N
북구평생학습관,35.21132694,129.0148288,N
육회산장,35.20979526,129.0108772,N
계곡산장,35.21676753,129.0419164,N
파라디아모텔,35.21419379,129.0452136,N
이지굿,35.20753636,129.0327172,Y
대림장,35.20888279,129.0370921,Y
백양장여관,35.20889208,129.037802,N
투헤븐 모텔,35.21107448,129.047412,N
브라운도트 호텔 만덕점,35.21168623,129.0467262,N
메아리산장,35.21556581,129.0466352,N
겨울연가모텔,35.21070402,129.0473827,N
MVG모텔,35.21087372,129.0468945,N
유진모텔,35.21166248,129.0476253,N
나인투나인모텔,35.21187947,129.0486846,N
투헤븐모텔,35.21106642,129.0474069,N
더젠틀호텔,35.21143134,129.0470369,N
넘버25호텔,35.21164729,129.0482486,N
아브레 모텔,35.2112108,129.047101,N
스카이모텔,35.21164488,129.048247,Y
투헤븐 모텔,35.21107447,129.047412,N
아브레모텔,35.21110848,129.0469873,N
브라운도트호텔,35.21168623,129.0467262,N
겨울연가모텔,35.21066379,129.0473698,N
금정산가나안수양관,35.24257016,129.049573,N
호텔야자,35.23453852,129.0089001,N
스파호텔,35.23445217,129.0098164,N
B&B모텔,35.23454522,129.0091873,N
그레이,35.23455761,129.0087215,N
메르시호텔,35.23449819,129.0096255,N
호텔브리즈,35.23453418,129.0089015,N
스카이모텔,35.2344663,129.0101,N
MU모텔,35.23575397,129.0091171,N
런더너모텔,35.23578298,129.00896,N
덴바스타호텔 화명점,35.23583317,129.008601,N
브라운도트호텔,35.23581268,129.0087763,N
런더너호텔,35.23578298,129.00896,N
덴바스타호텔,35.23583317,129.008601,N
뉴타운홈,35.24342883,129.0231371,Y
아바모텔,35.23486462,129.0088647,N
루이스J호텔,35.15395401,128.9735777,N
일호여인숙,35.14950957,128.9726064,Y
W모텔,35.15332569,128.9740284,Y
에어텔부산,35.15278674,128.9751367,N
1954호텔,35.15307003,128.9753807,N
호텔프리마,35.15192309,128.9864574,N
호텔오해피,35.15368566,128.986362,Y
덴바스타호텔,35.15209306,128.9864777,N
제이 모텔,35.15383378,128.9864003,N
더스톤브릿지호텔,35.15368566,128.986362,N
쏘야네,35.15846971,128.9880384,Y
삼호여인숙,35.1578965,128.9882845,Y
제일장여관,35.15846402,128.9873418,N
동경장여관,35.15849104,128.9871089,N
별장여관,35.15759421,128.9860067,Y
미성장,35.15803541,128.9861868,Y
엠유모텔,35.15382193,128.9830634,N
명천비즈니스텔,35.15391883,128.9802941,N
토마토모텔,35.15605843,128.9825007,Y
노블레스,35.15642306,128.9818514,Y
유토피아,35.15784104,128.9863028,Y
금호빌장,35.15842671,128.9867529,Y
동경장,35.15852042,128.9869629,Y
경남장여관,35.15494111,128.9804391,N
경남장여관,35.15481734,128.9806148,N
청수장여관,35.15452328,128.9911585,N
호텔 자,35.15074961,128.9911325,N
NO25호텔,35.15245083,128.9894575,N
비즈니스호텔 르네상스,35.16176556,128.9830104,N
호텔파라곤,35.16192209,128.9813891,N
파라다이스모텔,35.16148144,128.9872771,Y
한도호텔파라곤,35.16193644,128.9813951,N
세일장여관,35.16373794,128.9808514,Y
동남장여관,35.16515116,128.9812251,N
송림장여관,35.16504819,128.981248,N
제일여인숙,35.16649059,128.9837753,Y
YAJA 사상터미널점,35.16560156,128.9840802,N
수명장여관,35.16456934,128.9844443,Y
리베장,35.1667605,128.9839844,Y
동원장,35.16290236,128.9848988,Y
강남여인숙,35.16576002,128.9838629,N
화성장,35.16565859,128.9836857,N
강남여인숙,35.16576005,128.983863,N
소르젠떼비지니스호텔,35.16487681,128.983987,N
나이스장,35.16466104,128.984172,N
그린텔,35.16132313,128.9859244,N
황금장,35.16145798,128.9862282,N
브이원모텔,35.16150676,128.9859781,N
스타빌,35.16135098,128.9860576,N
센스모텔,35.16149088,128.9865523,N
기린장모텔,35.16306204,128.985928,N
하트장여관,35.16405716,128.9852065,N
연암장여관,35.16293482,128.9855969,N
에스 호텔,35.16332153,128.9859644,N
호수장,35.16298792,128.9857523,N
하트장여관,35.16405063,128.9851657,N
천우장여관,35.16282614,128.9856368,N
기린장모텔,35.16307834,128.9859663,N
압구정모텔,35.16329527,128.9865981,N
아이모텔,35.16321953,128.986253,N
올레모텔,35.16366718,128.9864589,N
SHOW모텔,35.16343794,128.9861544,N
파트너모텔,35.16293839,128.9864823,N
W모텔,35.16300419,128.9867921,N
핑크장여관,35.16312684,128.986393,N
뉴코리아모텔,35.16345134,128.9865389,N
SHOW모텔,35.16345744,128.9861594,N
뉴코리아모텔,35.16346696,128.9865447,N
핑크장여관,35.16313891,128.986394,N
금하모텔,35.16303397,128.9864227,N
아비송모텔,35.163795,128.9864246,N
호림장여관,35.1685197,128.9770462,N
호림장여관,35.16851527,128.9770545,N
ND1226HOTEL,35.16940714,128.9770927,N
ND.1226호텔,35.16940714,128.9770927,N
성일장여관,35.16742864,128.9814102,N
옥돌별장,35.16730912,128.9813114,N
은화여인숙,35.16702552,128.9811455,Y
동원장,35.15943368,128.9868817,N
현대별장,35.16674714,128.9831387,Y
비치모텔,35.16495313,128.9835485,N
동성여인숙,35.16673821,128.9830363,Y
아리스모텔,35.15910116,128.9867793,N
느티나무오리불고기,35.16675524,128.9833533,N
일루아,35.16565484,128.9833959,N
엔젤장여관,35.16672102,128.983247,N
미림장여관,35.15941758,128.9871208,N
1RUA,35.16565484,128.9833959,N
서울여관,35.16655878,128.9830143,N
발렌타인모텔,35.15855552,128.9859915,N
비너스모텔,35.15839983,128.9859969,N
산장모텔,35.15829346,128.9859658,N
평화장여관,35.16025098,128.9845602,N
삼성빌,35.16114676,128.9869691,N
부민,35.15835996,128.9850576,Y
허니문,35.15778298,128.9848466,Y
샵모텔,35.16345407,128.9854055,Y
힐링장,35.16351633,128.9855263,N
썸 호텔,35.16396152,128.9825928,N
맥스호텔,35.16433118,128.9802632,Y
빈스70호텔,35.16427167,128.9807283,N
MU모텔,35.16411443,128.9811926,N
루이스호텔,35.16418159,128.9828954,N
제일장여관,35.16412507,128.9820624,Y
연풍모텔,35.16390783,128.9827954,N
콤마호텔,35.16428351,128.9805712,N
나무늘보호텔,35.16401217,128.9822777,N
투헤븐모텔,35.1641825,128.9808687,N
세느모텔,35.16433111,128.980424,N
비너스모텔,35.1639954,128.9824248,N
SS모텔,35.16393034,128.9820241,N
삼신장여관,35.16428142,128.9851161,N
영남장여관,35.16430814,128.9849597,N
온정장,35.16452556,128.9840366,N
블랙모텔,35.16452378,128.9849465,N
현대장,35.16509023,128.9814006,N
스토리아지트,35.16492376,128.9812561,N
연화장,35.16535433,128.9835432,N
천일장여관,35.16500977,128.9837016,N
호텔더반,35.16503543,128.9838959,N
목화빌장,35.16547976,128.9843439,Y
연화장,35.1653686,128.9835636,N
오아시스장 여관,35.16552691,128.9844696,N
천일장여관,35.16501389,128.9836971,N
신라장여관,35.16527707,128.9844257,N
달빛궁전모텔,35.16568088,128.9835142,N
동양장여관,35.16559183,128.9811622,N
그린하우스,35.16547302,128.9824353,Y
네츄럴모텔,35.16625609,128.9821909,N
타임캐슬,35.16547061,128.9819031,N
청수장,35.16591329,128.98337,Y
러브빌원룸,35.1668527,128.9816524,N
산호장여관,35.16639671,128.9810363,Y
배수장,35.16717959,128.982466,Y
태화장여관,35.16998486,128.9814518,N
풍유장여관,35.15959511,128.9843645,N
제일장여관,35.15945579,128.9841299,N
수복장여관,35.15809972,128.9856558,N
수복,35.15819574,128.985693,Y
수복장여관,35.1581064,128.9856622,N
산유장여관,35.15882452,128.9849138,N
금강,35.15876827,128.9851848,N
하운드호텔,35.16179246,128.9776815,N
브라운도트사상르네시떼점,35.16147986,128.979551,N
애플,35.16137902,128.9834099,Y
프리미엄아바호텔,35.1614781,128.9828291,N
하이디자인호텔,35.16138648,128.9836696,N
헤라모텔,35.16159403,128.9791651,N
ZAM101HOTEL,35.16153113,128.9818697,N
하운드호텔 사상점,35.16180927,128.9776934,N
록수장여관,35.17469176,128.9843877,N
태화장여관,35.1698277,128.9813999,N
덕성여인숙,35.17063914,128.9810474,N
동심여관,35.17104497,128.9825566,N
금호여관,35.17088131,128.9825142,Y
성림장여관,35.17225958,128.9828551,N
동명여인숙,35.17324944,128.9825924,Y
젬모텔,35.18135737,128.9832273,N
복천여관,35.16884809,128.9805962,Y
부산여인숙,35.1731046,128.9818293,Y
호텔 979,35.1883001,128.9886251,N
의성장,35.19075536,128.9879,Y
스위트홈,35.1880585,128.9918457,Y
화성장,35.18950433,128.9904763,N
양화림,35.19162459,128.9950084,Y
호텔이레,35.18245111,128.9841552,N
넘버25호텔,35.18226848,128.986629,N
운수장여관,35.18547075,128.9872839,N
미도여관,35.18632104,128.9849182,N
삼락생태공원오토캠핑장,35.16652587,128.9690914,N
태양장여관,35.19538473,128.9876325,N
큐모텔,35.18934989,128.9801193,N
보브모텔,35.1855446,128.9773899,N
웁스모텔,35.17934376,128.9764645,N
호텔더메이,35.19522639,128.9861284,N
미림장,35.17004582,128.9772865,Y
발리장여관,35.17027738,128.9771444,Y
옥림모텔,35.19514062,128.987005,N
옥림장,35.19532747,128.987251,Y
성주여관,35.17262621,128.9813054,N
엘림장여관,35.1712777,128.9792072,Y
유림모텔,35.19577662,128.9877388,Y
태화장,35.19526153,128.9876503,Y
송학장여관,35.16965048,128.9782382,N
짝모텔,35.12601272,128.9677111,N
브라운도트호텔,35.12866363,128.9688159,N
호텔프랜치코드,35.12869769,128.9686695,N
W모텔,35.12907224,128.9694416,N
플라밍고호텔,35.12579492,128.9670833,Y
빅토리아모텔,35.12668559,128.9690593,N
뉴페이스모텔,35.12810092,128.9687942,Y
평화황토,35.13200774,128.9731103,Y
유진힐,35.13341132,128.9740501,Y
대구여관,35.13147949,128.9737247,N
지화미지앤미,35.1295428,128.9752812,Y
플라워모텔,35.14994167,129.001563,N
송민장여관,35.15095259,128.9975767,N
제일여인숙,35.15052329,128.9972011,Y
미니호텔,35.14934912,129.012609,N
하우스현,35.15463577,128.995162,Y
은성장여관,35.15100598,128.9980859,N
초원장여관,35.15221224,128.9956941,N
송림장여관,35.14086282,128.9894759,Y
신신장여관,35.14215223,128.9879863,N
369모텔,35.14299203,128.9884386,N
엔젤모텔,35.13473436,128.9961325,N
코코모텔,35.13493324,128.9960464,N
재기중소기업개발원,35.14283399,128.9851833,Y
감천문화마을어울터게스트하우스,35.09627151,129.0094292,Y
하우스피플,35.09807869,129.0098585,Y
방가방가게스트하우스,35.09713343,129.0095616,N
방가방가게스트하우스,35.09721415,129.0094799,N
방가방가게스트하우스,35.0969286,129.0096541,Y
연희모텔,35.08646522,129.0060331,N
감천하텔,35.08826493,129.0062669,Y
경동장여관,35.08937716,129.0056876,N
삼풍장여관,35.08538127,129.006027,N
파라다이스,35.08588204,129.0053656,N
파라다이스모텔,35.08587687,129.0053756,N
대창여관,35.08546849,129.00638,N
청운장,35.09722541,128.9847249,N
비엘모텔,35.10019379,128.9803202,N
은하모텔,35.1007088,128.9937554,N
유진여인숙,35.10081774,128.9934826,N
미모텔,35.10081454,128.9941447,N
오렌지모텔,35.10074036,128.9936301,N
에덴장여관,35.10115906,128.9950867,N
동경장여관,35.10109807,128.9945927,N
9월모텔,35.10097408,128.9946308,N
로쏘호텔,35.10061304,128.9933311,N
선초장여관,35.10035041,128.992012,Y
늘봄모텔,35.10039054,128.992136,N
위브모텔,35.09904959,128.9913635,N
프린스모텔,35.09879031,128.9915302,N
위브모텔,35.09903428,128.9913573,N
EG모텔,35.09953608,128.9816169,N
하림,35.09989832,128.9806747,Y
크로바 호텔,35.09641173,128.9940128,N
삼오모텔,35.09967714,128.9928932,N
로망스모텔,35.0993301,128.9924908,N
J모텔,35.09948499,128.9927553,Y
로망스모텔,35.09923271,128.992485,N
지티모텔,35.09863598,128.9907509,N
라라모텔,35.09894942,128.9918914,N
락모텔,35.09938137,128.9939574,N
희여관,35.07601932,128.990192,Y
APPLETREEGUESTHOUSE,35.08787252,128.9848467,Y
그리스,35.05784712,128.9743705,N
한미장여관,35.05627922,128.9710188,N
오이아호텔,35.0574017,128.9727617,N
모텔그리스,35.05761998,128.9742614,N
로망스,35.05678082,128.9715072,N
비치모텔,35.05707569,128.9715492,N
서울모텔,35.05636333,128.9709085,N
그린게스트하우스,35.0610551,128.9784689,Y
코자837모텔,35.05575364,128.9711018,N
6월모텔,35.0556484,128.9708584,N
원모텔,35.04850864,128.9700021,N
유성여관,35.05790609,128.9720774,N
블루캐슬,35.06481747,128.9831324,Y
부산 당리 오투,35.10272907,128.9750842,N
맥스모텔,35.10564451,128.9696113,N
귀빈모텔,35.10557134,128.9697192,N
사파이어관광호텔,35.10626277,128.9698481,Y
DREAMINGROOFTOPROOM,35.10664354,128.9691773,Y
갈매기하우스,35.10276284,128.9745021,N
문화여관,35.09296841,128.9756544,Y
태백,35.09248513,128.9756922,Y
신평여관,35.09115523,128.974566,N
신평모텔,35.09108701,128.9747035,N
블루문모텔,35.0731306,128.9768748,N
여명모텔,35.07951194,128.9777067,N
투하트,35.07959919,128.9778273,N
성풍여관,35.07815839,128.9777236,N
수도여관,35.08020113,128.9703283,Y
쇼모텔,35.10659354,128.9670524,Y
레이어스호텔,35.10661587,128.9643563,N
프로포즈모텔,35.108507,128.9618043,N
하단해원모텔,35.10707408,128.964341,N
호텔얌,35.10747276,128.9638126,Y
호텔야오,35.10746664,128.9638192,N
해원모텔,35.10706467,128.9643363,N
경희모텔,35.10755667,128.9652557,N
휴모텔,35.10723833,128.965149,N
K모텔,35.10766292,128.9651027,N
E팰리스호텔,35.10878682,128.965705,N
금호모텔,35.10797237,128.9662654,Y
모텔 파라다이스,35.10825286,128.9664516,N
발리모텔,35.10795917,128.966566,N
E 팰리스 호텔,35.10879272,128.965702,N
모텔츄츄,35.10782814,128.9662697,N
브라운도트호텔,35.1083359,128.9658337,N
발렌타인 모텔,35.10860087,128.9661254,N
호텔메르시엘,35.10953107,128.9659842,N
공원장여관,35.10993901,128.9663162,N
세방장여관,35.1048597,128.9690265,N
대하장모텔,35.10496836,128.9669856,N
돔보여관,35.1070161,128.968559,N
라스베가스관광호텔,35.10741051,128.966534,N
그린힐호텔,35.10774326,128.9668249,N
로얄모텔,35.10378396,128.9603937,N
동진장여관,35.08144479,128.9692695,N
굿타임,35.10751927,128.9643215,N
모텔와이티티,35.10725332,128.9647145,N
머물다호텔,35.10824527,128.9656181,N
퍼블릭,35.10752392,128.9646676,N
넘버25호텔,35.10822036,128.9651507,N
YTT모텔,35.107257,128.9647158,N
와우호텔,35.10775891,128.9644718,N
퀸모텔,35.10717344,128.9643859,N
퍼블릭모텔,35.10758144,128.9647965,N
칠백장모텔,35.10357613,128.9631384,N
대하모텔,35.10507911,128.9666919,Y
동성여인숙,35.08610189,129.024269,N
칠성여인숙,35.08496946,129.0242615,N
부산비치관광호텔,35.08497673,129.0262775,N
대흥장,35.08753447,129.0239181,N
대명장여관,35.08807173,129.0238908,N
대흥장,35.08753066,129.0239198,N
명동,35.08909293,129.0241547,Y
창성,35.08778946,129.024276,Y
삼화여인숙,35.08533526,129.0244826,N
제일장,35.08754889,129.0240335,Y
대명장여관,35.0881067,129.0238418,N
천마,35.09139438,129.0231814,Y
제일장,35.09171539,129.0236092,N
부산탕,35.09207816,129.0234975,N
충무여관,35.09202817,129.0229695,N
동미여인숙,35.09249553,129.0235253,N
수목장,35.11091363,129.0198212,Y
금호장,35.10402939,129.0210154,N
라까사델솔 게스트하우스,35.1079872,129.0167659,N
부산 코인 독채하우스,35.10949883,129.0157081,N
구덕장모텔,35.11468844,129.0151553,N
구덕야영장,35.12554995,129.0096934,N
구덕야영장구덕수련원,35.1252737,129.0107942,N
엄광산유아숲체험장,35.13061918,129.0105439,Y
듀코,35.12802461,129.0080454,N
템플스테이생활관,35.12655044,129.0120484,N
남경여관,35.10173309,129.0184527,N
정,35.10153146,129.0172452,Y
아바호텔,35.07766697,129.0228318,Y
삼영모텔,35.07411738,129.0156845,Y
투헤븐호텔,35.0782926,129.0223655,N
99.9호텔,35.07943772,129.0220522,N
풍전장모텔,35.07806411,129.0208296,Y
S모텔,35.07810729,129.0203842,Y
마리나호텔,35.07750957,129.0214864,N
모아모텔,35.07696014,129.0174843,N
페어필드바이메리어트,35.07768112,129.0192239,N
베스트웨스턴플러스 부산송도호텔,35.07720798,129.0178244,N
호텔아비숑,35.07819076,129.0223909,N
송도아바모텔 암남점,35.07759164,129.0227198,N
마리나장,35.07750804,129.0214789,Y
큐파이브호텔,35.0772323,129.0218905,N
송도오토캠핑장,35.07277651,129.0175354,N
옐로게스트하우스,35.07813017,129.0206232,Y
코자자호텔,35.07771277,129.0225877,N
AVA모텔,35.07760553,129.0227267,N
큐파이브호텔,35.07723239,129.0219051,N
브이모텔,35.07922027,129.0221079,N
아비숑,35.07821514,129.0223806,N
송도모텔,35.0780378,129.0197561,N
동명장여관,35.07423828,129.0156856,Y
에이스모텔,35.07817127,129.0208109,N
금화장모텔,35.07862714,129.0211486,N
옐로하우스,35.07810781,129.0205582,N
M모텔,35.07847011,129.0205566,N
피닉스모텔,35.0783754,129.0204656,N
로얄장,35.0777064,129.0214716,N
호성장여관,35.07776479,129.0217047,N
남산장여관,35.07757076,129.0215964,N
로얄장,35.07772106,129.0214822,N
씨송도게스트하우스,35.070268,129.018595,N
아리아,35.06512553,129.013803,Y
호호네,35.07421472,129.0154425,Y
2월호텔 송도점,35.0653058,129.0136846,N
파인힐모텔,35.0654605,129.0135993,N
아리아호텔,35.06512798,129.0137584,N
송도비치호텔,35.07478579,129.0156895,N
오션뷰펜션,35.07007609,129.0186699,Y
SKY모텔,35.06621978,129.012897,N
호텔쿼츠,35.06480252,129.0136764,N
맥스모텔,35.06567824,129.0134409,N
아이비하우스,35.0720943,129.0157722,N
모텔뉴송도,35.0809183,129.0211881,Y
귀빈장,35.07846692,129.0176733,N
와우모텔,35.07706541,129.0165508,N
더메이,35.07710148,129.0167241,N
부산게스트하우스 숨 송도점,35.07817314,129.0195326,N
유엔송도호텔,35.07736694,129.0161449,N
더메이,35.07709886,129.0167165,N
호텔베네치아,35.07731257,129.0169236,Y
브라운도트호텔 송도해수욕장점,35.07677393,129.0170325,N
EL호텔,35.07720063,129.0170002,N
호텔얌,35.07745152,129.0168941,N
부산 송도 휴,35.07699528,129.0170686,N
봄모텔,35.07723574,129.0166438,N
베네치아모텔,35.07732827,129.0169446,N
다모아모텔,35.07735496,129.017326,N
여행공장,35.0784202,129.0215448,N
퀸모텔,35.0789453,129.0217246,N
수모텔,35.0788955,129.0215402,N
송해장,35.0792101,129.0212943,N
퀸모텔,35.07894531,129.0217246,N
동화장여관,35.07816744,129.0212171,Y
천마에코하우스,35.09608838,129.01741,N
더샵호텔,35.09666499,129.0255186,N
더샵호텔,35.09669791,129.0255104,N
깐느모텔,35.09723716,129.0250093,N
씨네모텔,35.09716889,129.0248457,N
버튼호텔,35.09731209,129.0246724,N
시티모텔,35.09752614,129.0246573,N
일신,35.09613966,129.0248773,Y
성화,35.09585716,129.0250434,Y
초원,35.09408113,129.0245074,Y
일신여인숙,35.0961877,129.0249432,Y
부산여인숙,35.09604596,129.0249717,N
신광여인숙,35.0959158,129.0249337,N
동원여인숙,35.09597953,129.0250637,N
성화여인숙,35.09590736,129.0250597,N
초원여인숙,35.09411777,129.024519,N
미진여인숙,35.09572326,129.0250014,N
남선여인숙,35.09482584,129.0246748,N
재건여인숙,35.09660159,129.0250611,N
동림여인숙,35.09646741,129.0251989,N
우정여인숙,35.09654751,129.0250452,N
M모텔,35.09651042,129.0256072,N
동림여인숙,35.09645572,129.025196,N
우정여인숙,35.09654757,129.0250452,N
재건여인숙,35.09658588,129.0250558,N
대흥장,35.0961269,129.0251244,N
칠성여인숙,35.09479932,129.0244536,N
보은,35.09579664,129.0246152,Y
동국여인숙,35.0950443,129.0238212,N
해성장여관,35.0949571,129.0247038,N
해성장여관,35.0949571,129.0247038,N
바다모텔,35.09491019,129.0248929,N
자갈치9월모텔,35.09516407,129.0251738,N
수정장여인숙,35.09575061,129.0246262,N
삼성장여관,35.09593766,129.0234746,N
동성여인숙,35.09572401,129.023479,N
원모텔,35.09601596,129.0234997,N
금강모텔,35.09540861,129.0233582,N
온모텔,35.09600906,129.0229297,N
우리모텔,35.09498969,129.0227144,N
하동,35.09592431,129.0228436,Y
신한,35.09593854,129.0230957,Y
동성여인숙,35.08610192,129.024269,N
은솔장,35.09514163,129.0230789,Y
천수장,35.09514779,129.0230852,N
천수장,35.09514777,129.0230852,N
브라운도트 호텔 남포충무점,35.09345008,129.0228798,N
녹원장,35.09401567,129.0212346,N
부산장모텔,35.09349096,129.0232854,N
주영레지던스,35.09699463,129.02313,N
비건민박,35.09732641,129.0224713,Y
초원파크 모텔,35.09640941,129.0216638,N
스테이모텔,35.09653084,129.0213782,N
국제장여관,35.0968648,129.0211189,Y
국제장여관,35.09694809,129.0211064,Y
광안모텔,35.16659164,129.1158791,Y
꿈의궁전모텔,35.15690987,129.1194338,Y
더파크 게스트하우스,35.1548868,129.1177715,N
해원장모텔,35.15730993,129.1197087,Y
뷰띠끄호텔,35.15321794,129.1170426,N
광안비치모텔,35.14969051,129.1144273,N
광안숲,35.15123293,129.1155117,N
해피앤게스트하우스,35.1512496,129.1154791,Y
WOODHOUSE HOTEL,35.15716031,129.1195835,N
퀸모텔,35.15107137,129.1155183,Y
M8HOUSE,35.15075103,129.1124533,Y
마리띠모,35.14934696,129.1142812,Y
그랜드테라스,35.1499463,129.1153057,Y
호텔 쏘타 컬렉션 더 테라스,35.14993746,129.1152995,N
위더스오션,35.14993746,129.1152995,N
어반스테이더테라스,35.1499463,129.1153057,Y
광안지웰에스테이트오피스텔,35.1499463,129.1153057,N
게스트하우스은가비,35.1635892,129.1136901,Y
호텔썬시티,35.15448962,129.118853,Y
명작하우스,35.15673827,129.1148571,Y
화이트아일랜드,35.15749977,129.1153764,Y
로스트펭귄,35.15690891,129.1151024,Y
집게스트하우스,35.15714322,129.1193712,Y
부산레떼게스트하우스,35.15785979,129.1185835,Y
솔게스트하우스 부산파티점,35.15457462,129.1187264,N
블루문모텔,35.15327396,129.1174522,N
브릿지모텔,35.14870816,129.1145398,N
호메르스호텔,35.15342504,129.1179674,N
아쿠아펠리스호텔,35.15406972,129.1188353,N
켄트 호텔,35.15422798,129.1191294,N
SEASEE게스트하우스,35.15156854,129.1166653,N
호텔1,35.15249612,129.1173796,N
W모텔,35.15267924,129.1174135,N
펜트하우스,35.15184376,129.1168841,Y
호텔센트럴베이,35.15147287,129.1164364,N
H7L호스텔,35.15059748,129.1158636,N
뷰먼드 풀빌라,35.14922574,129.1148125,N
호메르스 호텔,35.15342577,129.11798,N
제이스테이펜트하우스,35.15059724,129.1158614,N
제이스테이 게스트하우스,35.14875327,129.1140233,N
루크하우스,35.14871769,129.1139602,N
광안사계,35.1498386,129.113124,Y
브라운도트 호텔 광안리해수욕장점,35.14981237,129.1147818,N
호텔미라주,35.14921322,129.1143045,N
누리호스텔,35.15173146,129.116631,N
프리미엄브이관광호텔,35.15065964,129.1154077,N
케렌시아,35.14932542,129.1147272,Y
하운드호텔,35.14888374,129.1145507,N
투헤븐호텔,35.14951152,129.1145706,N
망고호텔,35.15189732,129.1167352,N
더뷰게스트하우스,35.15049668,129.115316,N
씨유호텔,35.14903052,129.1146047,N
누리호텔,35.15174846,129.1166075,N
부산레떼게스트하우스,35.15011784,129.1121003,Y
곰도리게스트하우스,35.16223884,129.1174037,Y
selfhouse,35.16577447,129.1175311,N
에스모텔,35.16727626,129.116768,N
리버호텔,35.1671317,129.1165947,N
대웅모텔,35.16586203,129.1155103,N
와바모텔,35.16574152,129.1155211,N
투유모텔,35.1656473,129.115501,N
봄날 모텔,35.16667196,129.1159741,N
수영맥스모텔,35.1659706,129.1155356,N
유토피아관광호텔,35.16744421,129.1171132,N
에메랄드모텔,35.16607849,129.115572,N
딥슬립호스텔,35.1649612,129.1144856,Y
호텔스미스,35.16668807,129.1157195,Y
호텔웁스,35.16686745,129.1156296,N
제이모텔,35.15842967,129.112752,N
웁스호텔,35.16686743,129.1156296,N
그랜드모텔,35.16755326,129.1168467,Y
타임모텔,35.16760387,129.116912,N
정수장여관,35.1668853,129.1160336,N
호텔더라찌,35.15527099,129.1131799,N
홈스위트홈,35.15062131,129.1133249,Y
부산아시아영화학교,35.15180194,129.1078474,N
한림장여관,35.15333162,129.1128366,Y
302PLACE,35.15425538,129.1142864,Y
유성모텔,35.15850437,129.1138991,N
버들,35.15802701,129.1194556,Y
씨티모텔,35.15905977,129.1129033,N
지게스트하우스,35.15998062,129.1163084,N
몽뜨뢰모텔,35.16621774,129.1156769,N
디스커버리부산게스트하우스,35.16734883,129.116424,N
JENNYHOUSE,35.15630799,129.112308,N
유리스테이,35.15630664,129.1123076,Y
금련산청소년수련원,35.15516094,129.1022813,N
씨프렌드호텔,35.14820852,129.1132924,Y
몰디브모텔,35.14553119,129.110645,N
광안대교게스트하우스,35.14486551,129.1115762,Y
초하루게스트하우스,35.14663504,129.113652,N
루비모텔,35.14112273,129.1079021,Y
비지니스모텔,35.14857159,129.1137128,Y
호텔마레,35.14857159,129.1137128,N
델라디,35.14810188,129.1141239,N
썬샤인모텔,35.1464022,129.110891,N
부산세관수련원,35.14558397,129.1073299,N
사천모텔,35.14599788,129.1104065,Y
코오롱호텔,35.14866821,129.1110666,Y
갤러리호텔,35.14605111,129.1105322,N
레스큐,35.1426812,129.1089506,Y
산장,35.14126169,129.1080706,Y
릴리하우스,35.1469076,129.1113687,Y
에이스모텔,35.1728097,129.1026402,Y
금천모텔,35.16065961,129.1204853,N
수영별장,35.16730039,129.1182086,Y
휴모텔,35.15887584,129.1216479,N
앤플랫,35.15891053,129.1251945,Y
반게스트하우스,35.15516027,129.1186412,N
허니슬립,35.15516027,129.1186412,N
레이게스트하우스,35.15491892,129.1189844,N
발리하우스,35.15504669,129.1197188,Y
WETEVER,35.15540688,129.1201836,Y
에이치라운지,35.15516457,129.1211644,N
광안273,35.15591404,129.1235628,N
에이모텔,35.15587363,129.1250166,N
커플라운지게스트하우스,35.15473551,129.1199642,Y
피코블루,35.1550896,129.1209864,N
이화맨션,35.15504543,129.1208439,N
뷰티풀뷰부산-광안대교,35.15772457,129.1336522,N
베스트루이스해밀턴호텔,35.15557963,129.1240009,N
케이게스트호텔,35.15643307,129.125353,Y
꿈모텔,35.15597911,129.1213638,N
패닉,35.15536152,129.1216669,Y
광안리게스트하우스제이네하우스,35.15667661,129.1213086,Y
비에이치스토리,35.15597773,129.1213595,Y
마린뷰호텔,35.1541667,129.1244005,N
오션뷰호텔,35.15398788,129.1243889,N
브라운도트호텔,35.15405956,129.1246982,N
에이치에비뉴호텔,35.1539705,129.1245151,N
오션스테이호텔,35.1539705,129.1245151,N
오션투헤븐,35.1539705,129.1245151,N
오션 더 포인트 호텔,35.1539705,129.1245151,N
더베이클럽호텔,35.1539705,129.1245151,N
오션더포인트호텔,35.1539705,129.1245151,N
호텔디옴므,35.15396161,129.1245126,N
선게스트하우스,35.15646,129.1247968,Y
와바모텔,35.15674252,129.1254924,N
넘버25호텔 광안점,35.15520167,129.124822,N
스타호텔,35.15577556,129.1250287,N
NO25호스텔,35.15520167,129.124822,N
넘버25호텔,35.15520221,129.124822,N
벡스코호스텔,35.15403097,129.1255592,N
수변모텔,35.15522991,129.1254051,N
수변,35.15523298,129.1254114,Y
호텔더그랑,35.15585579,129.1252446,N
와이모텔,35.1557914,129.1255746,N
페트라하우스,35.15713434,129.1260372,N
게스트하우스어반,35.15700297,129.1259036,N
레지던스호텔 다온채,35.15770589,129.1264923,N
광안스테이,35.15783606,129.1267085,N
더블루게스트하우스,35.15590917,129.1335616,Y
옐로우라이트하우스,35.15675734,129.1342605,N
베스타게스트하우스,35.16755041,129.118471,Y
힐링하우스,35.15664596,129.122742,Y
수박게스트하우스,35.15679699,129.1227545,Y
가든장여관,35.156204,129.1233272,N
비엔나모텔,35.1576917,129.1291178,N
호텔런더너,35.15765609,129.128702,N
거북모텔,35.1566018,129.1247382,N
블루아트게스트하우스,35.15764327,129.1273955,Y
더폼호스텔,35.15744773,129.126293,N
호텔야자,35.15683176,129.124842,N
더폼하우스,35.15744773,129.126293,N
호텔메종,35.15700292,129.1255247,N
레하,35.15656892,129.1245748,N
궁모텔,35.15786102,129.1275351,N
정수장여관,35.15763488,129.1259457,Y
정수장여관,35.1575766,129.1258207,N
광안하우스,35.15765312,129.1254196,Y
라움103,35.15479506,129.1318229,N
언플랜드88,35.15453083,129.1242139,N
스마일하우스,35.15513418,129.1240053,N
어반하우스펜트,35.15532352,129.1239039,N
더웨이브,35.15502586,129.1240219,N
휴일,35.15502586,129.1240219,N
캐슬비치관광호텔,35.15647403,129.1346236,Y
호텔AG405,35.15646734,129.1346184,N
헤븐리펜트하우스,35.15462933,129.1241568,N
호텔헤이,35.15453083,129.1242139,N
Q모텔,35.15484656,129.1242143,N
게드게스트하우스,35.15472203,129.124115,N
H에비뉴,35.15339247,129.1245905,N
바다산책펜트하우스,35.15473349,129.1320696,N
아정모텔,35.15444353,129.1242293,N
더엠모텔,35.15530936,129.124792,N
어반하우스,35.15524528,129.1245619,N
브라운도트호텔,35.16859428,129.11412,N
귀빈모텔,35.16886138,129.1137715,N
샤토드메종,35.1727557,129.1109978,Y
블루밍모텔,35.1727861,129.1104005,N
대호모텔,35.16819191,129.1149846,N
알프스모텔,35.16820902,129.1148244,N
옥천탕여관,35.18868124,129.0771601,Y
미진장여관,35.18150577,129.0710696,N
무진장여인숙,35.18217097,129.0706464,N
제일여관,35.18856684,129.0727236,N
진성여관,35.18052082,129.0786919,Y
브이호텔,35.18581461,129.0794012,N
MU모텔,35.18569621,129.0795271,N
태양장여관,35.18565287,129.0790962,Y
더 제니스 호텔,35.18524061,129.079743,N
우노레지던스,35.18607556,129.0788042,N
아바모텔,35.18553781,129.0793459,N
R모텔,35.18580678,129.07922,N
아마레호텔연산점,35.18640951,129.0786249,N
시애틀비 호텔,35.18627897,129.0788869,N
호텔야자 연산1호점,35.18652291,129.0783914,N
호텔 스미스,35.186644,129.078785,N
호텔야자 연산1호점,35.18652291,129.0783914,N
위드모텔,35.18724909,129.0800896,N
엘루이모텔,35.18741013,129.079653,N
조이모텔,35.18773513,129.0831759,N
WABA모텔,35.18802994,129.0829077,N
아르빌,35.18759619,129.0829275,N
WABA모텔,35.18802537,129.0829121,N
노블모텔,35.18611571,129.0833798,N
로즈모텔,35.18641709,129.0840616,N
궁전모텔,35.18629878,129.0839006,N
PRINCESS게스트하우스,35.18643061,129.1080591,Y
OH모텔,35.18632534,129.1066097,N
태양빌,35.18637531,129.1067847,Y
더킹호텔,35.18585239,129.1069609,N
산호장여관,35.19003907,129.0910038,N
한양장여관,35.19145822,129.0901359,N
토곡장여관,35.18754981,129.1067032,N
신성하우스,35.18328379,129.1075408,Y
브라운도트 호텔 연산토곡점,35.18564384,129.106574,N
호텔로이,35.18587762,129.106534,N
투헤븐호텔,35.18653226,129.1066296,N
연산 토곡 그레이191 호텔,35.18516296,129.1065378,N
호텔 로이,35.18590697,129.1066112,N
새림장여관,35.18755737,129.1065143,N
호텔오마이,35.18496721,129.1065658,N
황토방모텔,35.18534142,129.1065559,N
발리호텔,35.18739121,129.0841787,N
샤이어호텔,35.18675928,129.0831931,N
일루아,35.18653138,129.0836739,N
프린스모텔,35.1871947,129.0827007,N
휴모텔,35.18698253,129.0823158,N
아르반 시티 호텔,35.18697407,129.0833083,N
발리모텔,35.18747759,129.0842955,N
초원장여관,35.18735929,129.0849097,N
퀸스모텔,35.18758562,129.0839292,N
샤이어모텔,35.18675772,129.083223,N
동희장여관,35.1874877,129.0847492,Y
호산나하우스,35.19090152,129.0927471,Y
드림텔,35.18538901,129.0869753,N
JHOUSE,35.18632067,129.0866699,Y
BEXCOB앤B,35.1886327,129.1069424,Y
포시즌,35.18699163,129.0798789,Y
토마토모텔,35.18678913,129.0804045,N
파라다이스모텔,35.18683477,129.0802786,N
태화장여관,35.18423515,129.0821458,N
호텔더루아,35.18436118,129.0820014,N
모모장여관,35.18440633,129.0818929,Y
필365모텔,35.18430987,129.0814778,Y
연산장여관,35.18493722,129.0829803,Y
BNB호텔,35.1851302,129.0830607,N
웁스모텔,35.18496695,129.0816166,N
카리브모텔,35.18551296,129.082865,Y
잠자리모텔,35.18553589,129.083132,N
원하우스,35.18517357,129.0826531,Y
유아인호텔,35.18539766,129.0830986,N
17th 호텔,35.18603202,129.0803314,N
하운드호텔 연산,35.18606603,129.0794033,N
문화장여관,35.18568659,129.0790197,N
다이아몬드호텔,35.18772367,129.0793516,N
와이유모텔,35.18574096,129.0775119,N
부원장,35.18642857,129.0780412,N
게스트하우스안,35.18189672,129.0821762,Y
아이유모텔,35.18376028,129.0813862,N
아이유모텔,35.18376028,129.0813862,N
엠버스호텔,35.18394103,129.081643,N
힐튼모텔,35.1872468,129.0809137,Y
굿스테이 센트럴 호텔,35.1877504,129.0815451,N
미라보관광호텔,35.18771027,129.080662,Y
목화호텔,35.18806053,129.0806004,N
굿타임모텔,35.18201107,129.0799161,N
칠성여관,35.1827319,129.0827743,Y
엔젤장,35.1875763,129.0827456,Y
엔젤모텔,35.1875774,129.0827509,N
다우장모텔,35.18782844,129.0818378,N
브이모텔,35.18799008,129.0825635,N
MU플러스모텔,35.18784311,129.0827783,N
궁락모텔,35.1878133,129.0823481,N
유신모텔,35.18779614,129.0825846,N
필모텔,35.18742988,129.0825388,N
파크모텔,35.18761495,129.0824377,N
럭스모텔,35.18783811,129.0818846,N
앙소르홈텔,35.18814017,129.0824758,N
JAGUESTHOUSE,35.18859408,129.0819823,N
피아노,35.18805393,129.0827557,N
호텔얌,35.1881073,129.0826178,N
하운드호텔 연산,35.18609048,129.0793938,N
동명장모텔,35.08989361,129.0380933,N
썸모텔,35.09096282,129.0397144,N
원모텔,35.09078306,129.0396412,N
이화모텔,35.08978689,129.0395471,N
평화모텔,35.08985167,129.0397988,Y
이패션모텔,35.08983811,129.0402205,N
행운모텔,35.09145964,129.0378228,N
씨사이드모텔,35.09068553,129.0369398,N
큐브모텔,35.09072127,129.0392963,N
아이존모텔,35.09000841,129.0382973,N
나인모텔,35.09030756,129.0383973,N
이브모텔,35.09153509,129.038094,N
블루모텔,35.09077676,129.0384046,N
항구모텔,35.09029086,129.0374537,N
청호여관,35.08852071,129.037084,N
청호여관,35.08850846,129.0370796,N
동아장여관,35.08980512,129.0364065,N
원모텔,35.09078677,129.0396386,N
향남모텔,35.09195561,129.037582,N
실크로드,35.09253734,129.0396348,Y
아마존모텔,35.0930713,129.0396826,N
송원모텔,35.09320872,129.0391771,N
덕수모텔,35.09270624,129.039576,N
우리모텔,35.09271638,129.0394591,N
동백모텔,35.09291287,129.0393857,Y
태성파크모텔,35.09145388,129.0390723,N
첼로모텔,35.09149909,129.0389412,N
태성파크모텔,35.09144138,129.0390696,N
노스하버호텔부산,35.09394251,129.0373614,N
비지비미디호텔,35.09394266,129.0373709,N
이지이지게스트하우스,35.094489,129.0365709,Y
미디호텔부산,35.09401694,129.0373291,N
한국모텔,35.09258688,129.0376703,N
남일여인숙,35.09250397,129.0378883,Y
비취모텔,35.09290157,129.038664,N
베이하운드호텔,35.09314878,129.038423,N
지오모텔,35.09303087,129.0391604,N
신데렐라모텔,35.09149401,129.0398103,N
씨네모텔,35.09139641,129.0397708,N
오투모텔,35.091325,129.0397146,N
우창모텔,35.09262987,129.0402645,N
낙원장,35.09163777,129.0422684,N
O.K모텔,35.09207357,129.041697,N
낙원장여관,35.0916378,129.0422684,N
리베모텔,35.09200701,129.0419257,N
희빈모텔,35.09109853,129.0408841,N
설화장여관,35.09052309,129.0416166,Y
E모텔,35.09096587,129.0403832,N
녹원모텔,35.09063369,129.0413,N
문화모텔,35.09258441,129.0406488,N
핑크모텔,35.09267564,129.0407919,N
문화장,35.09260173,129.0406557,N
강남모텔,35.09214121,129.0407883,N
신원모텔,35.0924324,129.0409185,N
드림모텔,35.09210809,129.0420171,N
테마모텔,35.09214819,129.0423166,N
파티파티룸룸,35.07682395,129.071029,N
산해모텔,35.07960864,129.0705029,N
모텔G2,35.06594177,129.0808537,N
함지골청소년수련관,35.07445344,129.0541515,N
아란치모텔,35.06845251,129.0809154,N
태종파크텔,35.06491823,129.080614,N
M모텔,35.06889394,129.081151,N
하얀성모텔,35.06884933,129.0814533,N
비치모텔,35.06920404,129.0812588,N
오션하우스,35.07128552,129.0619956,Y
에메랄드오션뷰,35.07128552,129.0619956,Y
스쿠버하우스,35.06117284,129.0774269,N
호텔브릿지,35.09416941,129.0389774,N
라발스호텔,35.09448004,129.0391321,N
글랜스호텔,35.09344561,129.0388484,N
제이모텔,35.09342294,129.0390287,N
J,35.09341643,129.0390299,N
유성장여관,35.09370839,129.0397245,N
럭셔리모텔,35.09366094,129.0393008,N
럭셔리모텔,35.0935825,129.0393221,N
미미장여관,35.09345093,129.0408423,N
프리하우스,35.09303507,129.0550097,N
프린스여관,35.0904525,129.042658,Y
만덕장,35.08633451,129.0407102,Y
동남모텔,35.08706736,129.041156,N
만덕장여인숙,35.08643169,129.0407754,Y
더페이지게스트하우스,35.07834226,129.0452173,Y
해성장여관,35.09512909,129.0643142,N
미르게스트하우스,35.08599284,129.0647547,Y
시모하우스,35.091859,129.0571165,N
윤슬가,35.09339843,129.0580842,N
청학소담,35.09352141,129.0582109,N
아레,35.09643451,129.058346,N
조양장여관,35.09597031,129.0621113,N
조양장여관,35.09596346,129.0621182,N
대영,35.09671112,129.0599654,N
대영여관,35.09677581,129.0599623,N
큐모텔,35.09725968,129.0607209,N
큐모텔,35.0965043,129.0637573,N
콤마모텔,35.09842914,129.0345374,N
하버펜트하우스,35.0983985,129.0345426,N
이코노미24게이스하우스,35.09938406,129.0345147,N
더라스트호텔,35.09887569,129.0337625,N
힐게스트하우스&카페,35.09882729,129.0339604,N
이코노미24게스트,35.09938548,129.0345231,N
그랜드모텔,35.0989423,129.0344908,N
WA호텔,35.09904314,129.034993,N
바르도호텔,35.09930783,129.0325369,N
동산장모텔,35.10008856,129.0315649,N
이지스테이,35.09981123,129.0315,N
24게스트하우스,35.09682595,129.0264085,N
24게스트하우스,35.09764829,129.0345052,N
시나몬트리게스트하우스,35.09687563,129.0354357,N
호텔모모,35.09672876,129.0354641,N
베이202호텔,35.09892131,129.0313233,N
스테이웰호텔,35.09793834,129.0333936,N
펀스테이게스트하우스,35.09808016,129.0326388,N
글로벌인부산남포동호텔,35.09794737,129.0333995,Y
미니호텔메이,35.09828341,129.032287,N
호텔린,35.09828341,129.032287,N
K게스트하우스,35.09813514,129.0329179,N
K게스트하우스,35.09801969,129.0330494,N
오렌지게스트하우스,35.09799467,129.0308418,N
브로시스호텔,35.09859519,129.0308887,N
대성여인숙,35.09727594,129.0310667,N
평화여인숙,35.09739679,129.031136,N
대원장모텔,35.09765104,129.0313646,N
동명장여관,35.09771907,129.0308416,N
스탠포드인부산,35.09785869,129.0299505,N
호텔포레프리미어,35.09841612,129.0296679,N
J모텔,35.09869812,129.0301556,N
동성장여관,35.09745844,129.0297872,N
해변의모텔,35.09721742,129.0288311,N
코코캡슐게스트하우스,35.09743209,129.0290747,Y
라운지26,35.0973621,129.0287837,N
부국모텔,35.09732496,129.0286544,N
팝콘호스텔,35.0977582,129.0295468,N
갤러리G모텔,35.09759622,129.0289757,N
부영장여관,35.09754211,129.0287468,N
호텔노아,35.09748192,129.0292844,N
테라게스트하우스2,35.09701399,129.0298482,N
동궁장여관,35.09771589,129.0301916,N
명성장모텔,35.09777506,129.0304758,N
남성장여관,35.09762867,129.0297442,N
삼원장,35.09787867,129.030169,N
TERRA게스트하우스,35.09654092,129.0301972,N
24게스트하우스,35.09689656,129.0263606,N
MGM호텔,35.09794813,129.026131,N
브이호텔,35.0978713,129.0257736,N
세븐모텔,35.0979391,129.0259669,N
V3모텔,35.09842696,129.0276425,N
게스트하우스디어문,35.09836846,129.0268976,N
대광모텔,35.09698729,129.0271894,N
태양장,35.09659254,129.0262818,N
오션투헤븐호텔앤스파,35.09669044,129.0266548,N
모텔트리,35.09674413,129.0262006,N
대성모텔,35.09661693,129.0284535,N
BIFF게스트하우스,35.0982571,129.0269694,N
로망스모텔,35.09813361,129.0269815,N
로즈모텔,35.09818991,129.0270503,N
신흥,35.09804906,129.0275019,N
평안여인숙,35.09812452,129.0269758,N
그린힐,35.09812504,129.0271321,Y
토요코인호텔,35.10902456,129.0366463,N
천우장,35.11057946,129.0372316,Y
수민,35.11031261,129.0371013,Y
K79게스트하우스,35.10258922,129.0304784,N
넘버25호텔,35.10311942,129.031695,N
호텔콘트,35.10190464,129.0314402,N
로얄장,35.10334706,129.0287903,Y
OCEAN&SKYBABA,35.10715491,129.02943,Y
테라게스트하우스2호점,35.09699494,129.0298651,N
하늘섬게스트하우스,35.09990907,129.0354688,N
부산관광호텔,35.10057499,129.0346015,N
부산장모텔,35.10019603,129.0341674,N
MU호텔,35.09993967,129.0342552,N
동산여인숙,35.1003479,129.0344566,Y
비엔비펜션,35.10000638,129.0343348,N
소유호텔,35.10081706,129.0343742,N
아로마모텔,35.09957744,129.0341094,Y
호텔야자,35.09991692,129.0345709,N
부산게스트하우스타워,35.10028687,129.0341365,N
아리아호텔,35.10075166,129.0339713,N
엘리제호텔,35.10103081,129.0339701,N
더하운드호텔,35.10201804,129.0339878,N
엘리제호텔,35.1010197,129.033979,N
태양모텔,35.10219681,129.0345524,N
에이스모텔,35.10179607,129.0342271,N
와이티티호텔남포,35.10154966,129.0347067,N
타워힐 호텔,35.10113477,129.0343481,N
호텔더그랑프리미엄남포,35.10155457,129.0347173,Y
호텔더그랑,35.10155552,129.0347277,Y
에이스모텔,35.10179607,129.0342271,N
타워힐호텔,35.10112619,129.0342849,N
몽베르모텔,35.10164882,129.0342524,N
별장여관,35.1018357,129.0342257,Y
폭시모텔,35.10095843,129.0338195,N
공공하우스,35.10308701,129.0344928,Y
호텔40계단,35.10405777,129.03443,N
화춘장여관,35.10513082,129.0345763,N
호텔40계단,35.10405081,129.0344244,N
방공호게스트하우스,35.10371209,129.0265534,N
보수장모텔,35.10341653,129.0263326,N
보수장모텔,35.10341891,129.0263293,N
호텔그레이,35.10373011,129.0243914,N
보하모텔,35.10352584,129.0228674,N
호텔빌리,35.10515918,129.0216498,N
빌리호텔,35.10515874,129.0216415,N
로즈텔,35.10380921,129.0217769,N
게스트하우스나우,35.10480299,129.0220916,N
놀게스트하우스,35.09955762,129.0275543,N
오아시스,35.09931413,129.0265351,N
마이호스텔,35.09905857,129.0265386,N
파크모텔,35.09897674,129.0266572,N
테마모텔,35.09916287,129.0265403,Y
오아시스모텔,35.09920371,129.0264189,N
유일모텔,35.09880706,129.0265285,N
모텔리베,35.09885154,129.0266263,N
새피아모텔,35.09896591,129.026551,N
그랜드모텔,35.09878022,129.0266477,N
아젤리아여관,35.0988509,129.0267981,Y
프린스모텔,35.09902139,129.026813,N
영빈장여관,35.0990557,129.0266594,Y
그린장,35.09892438,129.0268344,Y
하루애,35.10025368,129.0267022,N
게스트하우스부산깡통야시장,35.10142108,129.0266465,Y
우리게스트하우스,35.09955931,129.0259674,N
우리모텔,35.09970674,129.026059,Y
호텔미니,35.09876298,129.0257971,N
원모텔,35.09888978,129.0257658,N
부산,35.0985209,129.0257539,Y
송원모텔,35.09910591,129.0253278,Y
헤르메스호텔,35.09922176,129.0252212,N
미도장,35.0989004,129.0254804,N
대호장여관,35.10037863,129.0254213,Y
제이온게스트하우스,35.10055941,129.0258581,Y
굿스테이 대영 호텔,35.10110154,129.0255511,N
동성장여관,35.10151544,129.0263561,N
동성장,35.10149284,129.0263677,N
실암정,35.10151694,129.0256422,Y
호텔마르쉐,35.10023763,129.0252913,N
호텔보브,35.10022128,129.0248422,N
지앤비호텔,35.10123942,129.0248185,N
오륙도모텔,35.10077538,129.0239775,N
해림사우나&휘트니스,35.10092804,129.0242846,N
투헤븐호텔,35.10134955,129.0242851,N
금강장,35.10255383,129.0244885,N
MK게스트하우스,35.1009672,129.0236368,N
황토방,35.10260237,129.0229042,N
넨네,35.10239569,129.0305602,Y
더로컬,35.10191309,129.0299791,N
허니하우스,35.10075979,129.0289247,Y
로케트하우스,35.1020423,129.0288565,N
큐브모텔,35.11050913,129.0364611,N
큐브모텔,35.11050913,129.0364611,N
모텔몽,35.11065009,129.0366601,Y
스카이-힐,35.11013846,129.0365508,Y
더로찌,35.11050908,129.0364611,Y
월드굿즈,35.11053529,129.0302634,N
방사시게스트하우스,35.11120396,129.0311457,Y
힐사이드관광호텔,35.10923822,129.0359654,N
코모도호텔,35.10917144,129.035458,N
G호텔,35.10905006,129.0359224,N
책앤아웃호스텔,35.11280808,129.0363429,N
호텔더루아,35.10083809,129.0353054,N
수이호스텔,35.10108664,129.0360053,N
배러댄와플센트럴파크호텔,35.10050339,129.0359479,N
센트럴파크호텔,35.10051662,129.035957,N
용두산게스트하우스,35.10153648,129.0352207,Y
민트하우스,35.102453,129.0361149,Y
부산파티게스트하우스,35.1018529,129.0349181,Y
숨,35.10203532,129.0358699,Y
금화여관,35.10587739,129.0350441,Y
단디게스트하우스,35.10413773,129.0345949,N
단디게스트하우스,35.10414338,129.0346609,N
크라운하버호텔,35.10756227,129.0367993,N
뉴브이모텔,35.11004531,129.0378742,N
마리나모텔,35.10698752,129.0383534,Y
그레이194호텔,35.10855875,129.0376377,N
비센트호텔,35.1107605,129.0392706,N
서울모텔,35.10572482,129.035622,N
반달호텔,35.10603221,129.0351503,N
커넥트부산호텔,35.10044601,129.0373871,N
휴플러스게스트하우스,35.09969971,129.0369915,N
플래티넘호텔,35.09903456,129.0304808,N
플래티늄호텔,35.09903754,129.0304798,N
호텔아벤트리부산,35.09980908,129.0295783,N
금빛장여관,35.23242609,129.1542518,N
동원모텔,35.23219692,129.1538751,N
초원장 여관,35.22573662,129.1482118,N
수복장여관,35.2294428,129.1485558,N
수복장모텔,35.22944236,129.1485525,N
인호텔,35.23272662,129.1553963,N
합천여인숙,35.23259169,129.1550972,Y
은재모텔,35.23231333,129.1544872,N
DAVIDSGUESTHOUSE,35.23194693,129.1547373,Y
해피하우스,35.20437056,129.1228264,Y
대구장여관,35.20668892,129.12286,N
목화장여관,35.20693221,129.1218003,N
강릉여행가이드의집,35.19880313,129.1183955,Y
가든장여관,35.20076747,129.1314304,N
금수장여관,35.20048902,129.1313866,N
센텀게스트하우스,35.17181459,129.1341813,N
VIP민박,35.18146713,129.2053755,Y
부산송정바다민박,35.18176702,129.2014134,Y
나인테마모텔,35.18330017,129.2049506,Y
곰곰이민박,35.18095054,129.2054256,Y
송정마루민박,35.18164198,129.2041758,N
GO모텔,35.18207529,129.2057631,N
송정여인숙,35.18416107,129.2003296,N
풀하우스펜션,35.18329965,129.2052239,N
풀하우스민박,35.1832581,129.2054795,N
송정아토펜션,35.1835851,129.2053194,N
여우비호텔,35.1824337,129.205479,N
넛지567펜션,35.17543173,129.1964618,N
25TH호스텔,35.17856524,129.1978987,Y
올라호텔,35.17686458,129.1968053,N
마린케이풀빌라펜션,35.1806066,129.1992106,N
펜톤나인,35.17953573,129.1986237,N
스테이모어빌리지펜션,35.17347061,129.1963971,N
스테이모어호스텔,35.17371724,129.1962911,N
카이브,35.1796469,129.1986103,N
송정오셔너스,35.17702399,129.196863,N
25THHOSTEL,35.17856026,129.1978942,Y
플레르 호텔,35.17535999,129.195939,N
카이브 2호점,35.17639906,129.1964218,N
뉴카리브호스텔,35.17702922,129.1968696,Y
펜트하우스,35.17642117,129.1964462,Y
브라운도트호텔,35.17875947,129.197312,N
라온호텔,35.17765562,129.197353,N
송정마루민박,35.17722889,129.1970515,N
모닝캄펜션,35.17560616,129.1964513,N
송정 스테이모어펜션,35.17372203,129.1962516,N
플레르 호텔,35.1753527,129.1959441,N
샤인우드펜션,35.17354446,129.1963707,N
송정미연,35.17644389,129.1958542,N
부흥민박,35.17836727,129.1967014,Y
스위트펜션,35.17590916,129.1955516,N
이너피스 펜션,35.17417823,129.1957237,N
ALOHA게스트하우스,35.17673406,129.1956641,N
일로이리조트,35.17006048,129.1971551,N
두포민박,35.16808791,129.1968905,Y
서울하우스,35.18196188,129.2049622,Y
송정토마토민박,35.18175019,129.2039946,N
레드MUN,35.18151356,129.2057658,Y
현대민박,35.18249586,129.2040546,N
다다민박,35.18177313,129.2045049,N
마루민박,35.18160432,129.2040776,N
펜션민박 레드문,35.18151356,129.2057658,N
그린민박,35.18178374,129.2047756,N
호텔홍단,35.18177008,129.205342,N
동원비치민박,35.18226697,129.2037132,N
고하우스,35.1821925,129.204002,N
CC민박펜션,35.18164523,129.2049506,N
뉴송정민박,35.1825685,129.203967,N
대연민박,35.18262948,129.2038106,Y
게스트하우스송정,35.18169677,129.2042608,N
송정등대민박,35.18138022,129.2054071,N
옥탑민박,35.18225193,129.2037057,Y
호텔가인,35.18191786,129.2051625,N
애플모텔,35.18420378,129.2028469,N
호텔하루,35.18416673,129.2028007,N
올리브하우스펜션,35.1831026,129.2033453,N
송정네이티브,35.18325089,129.2041606,Y
마리나모텔,35.18338289,129.2044801,N
소림장여관,35.18302517,129.2046381,Y
호텔야자,35.18314564,129.2051425,Y
호텔빙고,35.18307836,129.2048627,Y
호텔데이즈A,35.18311934,129.20516,N
호텔데이즈B,35.18307836,129.2048627,N
빙고모텔,35.18308748,129.2048553,Y
비치웨이 게스트하우스,35.18094349,129.201819,N
깡이하우스,35.18186869,129.2040696,Y
송정호텔블루캐슬,35.18102927,129.2011106,N
송정초원민박,35.18100679,129.2033449,N
무무스하우스,35.18186869,129.2040696,N
라이온비치하우스,35.18129729,129.2039013,N
우리민박,35.18089213,129.2011884,N
옛날민박,35.18122527,129.2037782,N
둘리민박,35.18204196,129.2040258,Y
송해여인숙,35.18195858,129.2025633,N
미래민박,35.18138371,129.2032508,N
도가집민박,35.18145038,129.2026258,N
김가네민박,35.18141806,129.2040771,Y
신세계민박,35.18162538,129.2038757,N
송원펜션민박,35.1820086,129.2027633,N
늘푸른,35.18172113,129.202933,Y
미니펜션U앤I,35.18168371,129.2038883,Y
태화장민박,35.18110746,129.2032956,Y
진주민박,35.18080228,129.2013328,Y
히딩크펜션,35.18111129,129.2038373,N
푸른민박,35.18170639,129.2026605,N
함흥슈퍼민박,35.18078713,129.2009801,Y
알리바바펜션,35.18147969,129.2033942,N
에스스테이펜션,35.18140758,129.2020978,N
앙스모멍,35.18147479,129.2030888,N
욜로101,35.18094349,129.201819,Y
브이호텔,35.18227318,129.2050655,N
송정호텔젬,35.182738,129.2053497,N
송정호텔젬,35.182738,129.2053497,N
은지,35.1821504,129.2048213,Y
해돋이,35.1821504,129.2048213,Y
보라카이모텔,35.18245236,129.2051461,N
감동호텔,35.18250807,129.2046925,N
해돋이여관,35.18220351,129.2048592,Y
V모텔,35.18234199,129.2050006,N
부산송정민박,35.18238441,129.2045428,N
2월호텔,35.18304077,129.2050736,N
아이엠호텔,35.18259568,129.2052574,N
코코호텔,35.1822415,129.205305,N
세븐모텔,35.18272742,129.2048272,N
감동호텔,35.18251104,129.2047183,N
송정호텔젬,35.18274398,129.2053861,N
보라카이모텔,35.18246361,129.2051477,N
아이엠호텔,35.18260892,129.2052197,N
GO모텔,35.18200433,129.2055457,N
송정 GB그리다펜션,35.18001432,129.1990006,N
송정스카이풀빌라펜션,35.17905844,129.1983834,N
빌라코트야드,35.18155214,129.2000161,N
송정스카이부티크,35.17905837,129.1983834,N
어썸하우스,35.17795606,129.1978267,Y
마레민박,35.17634247,129.1966515,Y
해운대카라반펜션,35.17669249,129.1967265,N
네버엔딩웨이브,35.18044846,129.1993003,Y
윙민박,35.18222168,129.2005472,N
금하민박,35.17942926,129.1987261,N
금강민박,35.17634251,129.196539,N
송정스카이풀빌라펜션,35.17905844,129.1983834,N
사계민박,35.18110041,129.2005135,N
굿모닝 게스트하우스,35.18098113,129.2022332,N
에이플러스펜션민박,35.18134213,129.2047256,Y
송정바다뷰펜션 커플 가족 단체,35.18093379,129.2041882,N
동우장,35.18110866,129.2028133,N
부영민박,35.18125039,129.2048506,N
소라민박,35.1811254,129.2037508,N
큰이모민박,35.18134211,129.2051881,N
부산 그레이샌즈풀빌라펜션,35.18092059,129.2027427,N
바다봄펜션,35.18096597,129.2047524,N
명진게스트하우스,35.18097815,129.2024577,N
나무늘보호텔 송정점,35.18082502,129.2025055,N
더설레임펜션,35.18156502,129.2047947,N
브룩스호텔,35.18113214,129.2047388,N
송정바다뷰펜션커플가족단체,35.18092432,129.2041568,N
달로달리펜션,35.18145403,129.2049168,N
브룩스1,35.18132273,129.2046942,Y
브룩스1,35.18122173,129.2048239,Y
송정아바호텔,35.18133017,129.2049923,Y
돌담하우스,35.18089778,129.2045562,N
뉴비치팬션,35.18104641,129.2045907,N
송정호텔,35.18109984,129.2030877,N
달로달리펜션,35.18145463,129.204912,N
인연민박,35.18099236,129.2035947,N
쿨펜션,35.18127487,129.205334,N
라임펜션,35.18104939,129.2027964,N
동원비치민박,35.18106337,129.2034689,N
1812게스트하우스,35.18095436,129.2028925,N
아리랑펜션,35.18111986,129.204343,N
호텔S,35.1806618,129.2019498,N
송정해수락,35.1814749,129.204382,N
송정해변펜션,35.18093937,129.2020734,N
 송정 빈티지하우스 펜션,35.1807296,129.2022644,N
명진게스트하우스,35.18100937,129.2024173,N
윌모텔,35.18403527,129.2004728,Y
베이 호텔,35.18403108,129.200469,N
쇼호텔,35.16230504,129.1575042,N
더블루힐VIP센텀하우스,35.16599251,129.1324324,Y
라마다앙코르 바이윈덤 부산 해운대,35.16328362,129.1596422,N
해운대게스트하우스,35.16191524,129.1598749,N
비바청춘게스트하우스,35.16231987,129.1602568,Y
런더너호텔,35.16126027,129.1573244,N
오즈미니호텔,35.16222209,129.1589639,N
하운드호텔 해운대,35.16102708,129.156787,N
하운드 가든&테라스 호텔,35.16116956,129.1570419,N
그레이게스트하우스,35.16254941,129.1587962,Y
에스원호텔,35.16141023,129.1575528,N
WA호텔,35.16160947,129.1572573,N
솔게스트하우스,35.16227582,129.1590824,N
소사이어티호텔,35.16163198,129.1578001,N
2F게스트하우스,35.16246027,129.1587945,N
더비치호텔,35.16222614,129.158372,N
루이스호텔,35.16174516,129.1574882,N
SC헬싱키호텔,35.16197419,129.1579602,N
이코노미 해운대,35.16229038,129.1590667,N
키다리하우스,35.16158266,129.1577012,N
JB디자인호텔,35.16169342,129.1580468,N
준호텔,35.16206866,129.1586859,N
잉카모텔,35.1614736,129.1570132,N
판다게스트하우스,35.16186844,129.1587832,N
티스테이모텔,35.16159442,129.1588767,N
더베이호텔,35.16149183,129.1580662,N
스카이게스트하우스해운대,35.16186968,129.1587913,N
호텔여기어때,35.1610756,129.1579451,N
싼타페모텔,35.16165786,129.1590374,N
폭시호텔,35.16123327,129.1583219,N
미호텔,35.16178131,129.1591869,N
더홈게스트하우스,35.16186616,129.1587849,N
게리쿠퍼호텔,35.16201956,129.1590388,N
GNG,35.16164721,129.1583272,N
산타페모텔,35.16167014,129.1590427,N
온모텔,35.16115702,129.1581423,N
브이모텔,35.16127339,129.1577361,N
폭시호텔,35.1612524,129.158314,N
노블레스모텔,35.16118558,129.1575377,N
넘버25호텔,35.1609972,129.1572047,N
굿데이메이트 게스트하우스,35.16317783,129.15996,N
그레이그라운드호텔,35.16126217,129.1587203,N
세이죤빌,35.16150184,129.15958,N
인디호텔게스트하우스,35.16121109,129.1585988,N
인더스트리호텔,35.16161012,129.1593238,N
포유호텔,35.16109412,129.1583311,N
팍스게스트하우스,35.16238323,129.1621238,N
로드비치호텔,35.16113224,129.1596491,N
투헤븐호텔,35.16086756,129.1603373,N
바다펜션,35.16149264,129.1599359,N
해운대 소라펜션,35.16120234,129.1599351,N
해변펜션,35.1613685,129.1599551,N
호텔여우비,35.16212552,129.1580153,N
발렌타인호텔,35.16174061,129.1571746,N
해운대블루호텔,35.16246257,129.158409,N
호텔브릭스,35.16201327,129.1576345,N
K게스트하우스,35.1624603,129.1584104,N
해운대비지니스호텔S,35.16165591,129.1569802,N
아이엠레지던스,35.16213456,129.1578372,N
쇼호텔,35.16230524,129.1574938,N
오게스트,35.16267837,129.1586225,N
웨스틴 조선 부산,35.15603204,129.154091,N
하이코리아 호스텔,35.1596687,129.1536886,N
파크하얏트부산호텔,35.15653218,129.1417635,N
동남해상관광호텔,35.15557069,129.1474691,Y
오션뷰,35.15522916,129.142398,Y
더스위트하우스,35.15932559,129.144242,N
CLOVERHOUSE,35.15785994,129.1475482,Y
한화리조트,35.15442132,129.1450164,N
센텀프리미어호텔,35.16686698,129.1314749,N
하이클래스,35.16575057,129.1313385,Y
스테이세븐 센텀 비즈니스,35.16694831,129.1329593,N
해운대센텀호텔,35.1678464,129.1328184,N
호텔메리케이센텀,35.1678107,129.1328178,N
중문더웰테라스,35.17179177,129.1318822,N
제이썬 하우스,35.16385018,129.1569949,N
부산다온하우스,35.16526176,129.1583285,Y
궁모텔,35.16408857,129.1616538,N
블루보트게스트하우스,35.16377141,129.1614352,N
퍼스트게스트하우스,35.16402063,129.1602438,Y
설렘,35.16382347,129.1612743,Y
Y 게스트하우스,35.1638239,129.1612696,N
피오니하우스,35.16430558,129.1617918,Y
마더리스모닝캄,35.17524126,129.1299823,Y
낙원여관,35.16478481,129.160455,Y
리버힐민박,35.16000184,129.1515809,Y
팰릭스바이에스티엑스,35.16296343,129.1584534,N
벡스코스테이,35.16572876,129.1408816,Y
마망하우스,35.16572876,129.1408816,Y
에이치스테이호텔,35.16275601,129.1583257,N
그린하우스,35.1687391,129.1400825,Y
시오하우스,35.16651817,129.1387527,Y
신라스테이,35.15983862,129.1587613,N
문동이네게스트하우스,35.16010287,129.160058,Y
샹그리아여관,35.16037694,129.1582428,Y
J게스트하우스,35.16038457,129.1580937,Y
ONDA모텔,35.16026932,129.1588132,N
잠자리모텔,35.16086708,129.1579573,N
피카소 모텔,35.16068899,129.1571747,N
티에스에이,35.16060671,129.1575678,N
GP Hotel,35.16060589,129.1577531,N
달빛테라스,35.16063693,129.1589891,N
노엘비지니스호텔,35.16046232,129.1585259,N
호텔얌,35.16060575,129.1575789,N
엘리게스트하우스,35.16039526,129.1589131,N
위게스트하우스,35.16067579,129.1588443,N
클럽호텔,35.16074134,129.1568937,N
JJINN호텔,35.16049921,129.1582682,N
"더블유모텔, 부산 해운대구 해운대로59번가길 4",35.16079838,129.1566393,N
피카소모텔,35.1606916,129.1571753,N
MU모텔,35.16054278,129.1595499,N
HOTEL WOW,35.16057331,129.1591837,N
에이스모텔,35.16121992,129.1591914,N
플로스호텔,35.16077836,129.1591158,N
HOTEL WOW,35.1605894,129.1591745,N
호텔오,35.16121844,129.1591807,N
부산관광공사,35.16480406,129.1383192,N
씨앤요트,35.15976504,129.140518,N
오션뷰스테이,35.16291023,129.1371282,N
쌍봉게스트하우스,35.15969746,129.1595888,Y
요트스테이,35.16167643,129.1396319,N
그린나래호텔,35.15902463,129.1568472,N
글로리콘도,35.15944038,129.15786,N
부산요트투어 요트아일랜드,35.16070988,129.1407068,N
호텔야자,35.15911658,129.1536747,N
더반호텔,35.15923553,129.1538904,N
호텔인트로,35.15903501,129.1534684,N
해운대캔버스게스트하우스,35.15925786,129.1526569,N
캔버스호스텔블랙,35.15936786,129.1529875,N
더펫텔프리미엄스위트,35.15924032,129.1530968,N
호텔109,35.15930346,129.1533196,N
아크블루호텔,35.15957826,129.1565465,N
라빈모텔,35.1598604,129.1549747,N
오뜨호텔,35.15957568,129.1563662,N
베스트루이스해밀턴,35.15964244,129.1545884,N
베이몬드호텔,35.15956148,129.1567516,N
호텔라빈,35.1598519,129.1550556,Y
아크블루호텔,35.15951013,129.1565776,N
오뜨바다전망호텔,35.15958261,129.1563668,N
베스트루이스해밀턴호텔,35.15963531,129.1545889,N
나인모텔,35.15991541,129.1546766,N
오렌지호텔,35.15965598,129.1543961,N
파스텔여관,35.15993783,129.1542433,N
바게트호텔,35.15961576,129.1538289,N
동백민박,35.16017682,129.1540931,Y
해운대호텔 모모쥬스,35.15948763,129.1542391,N
동백섬게스트하우스,35.15926351,129.1543433,N
아이리스모텔,35.15945794,129.1539638,N
이비스버젯앰배서더,35.15907354,129.154502,N
호텔아라,35.16001194,129.1552197,N
이스턴베이호텔,35.1601764,129.1560435,N
씨모텔,35.15967921,129.1563971,N
하이부산게스트하우스,35.15991043,129.156017,Y
시네마하우스부산,35.16035849,129.1561248,Y
해운대뷰티크테라스호텔,35.16027059,129.1565201,Y
하이코리아호스텔바다,35.15971862,129.1559805,Y
김치게스트하우스해운대,35.15988256,129.15644,N
호텔블루스토리해운대,35.15990716,129.1574821,N
이비스앰배서더해운대,35.15991773,129.1579685,N
토요코인호텔,35.1594871,129.1573509,N
호텔포레프리미어,35.16069726,129.1602251,N
클라우드나인호텔,35.16074774,129.1597387,N
2NE1호텔,35.16045191,129.1599176,N
다인비치,35.16080194,129.1605926,Y
호텔포레 프리미어 해운대점,35.16069322,129.1602565,N
호텔투애니원,35.16037928,129.1598817,N
리얼센텀하우스,35.17853729,129.1226791,Y
해운대청소년수련관,35.19216733,129.127072,N
뉴프린스모텔,35.18636702,129.1214604,N
일월모텔,35.18649829,129.1216827,N
센텀하우스,35.18669607,129.1216448,Y
그랜드모텔,35.18648153,129.1214528,N
버킹검모텔,35.1866684,129.1213002,Y
제우스모텔,35.18570332,129.1221566,N
센텀J모텔,35.18652236,129.1220328,N
LIVELIKEKOREANHOUSE,35.18628003,129.1241839,Y
알타치타하우스,35.19119639,129.1318766,Y
세븐모텔,35.18410206,129.1217884,N
넘버25 호텔 센텀점 시그니처,35.18378284,129.1219274,N
라찌모텔,35.18353883,129.122125,N
목화장여관,35.18651498,129.1212849,Y
스테이안 게스트하우스,35.18765593,129.1212318,N
와우모텔,35.18750719,129.1212441,N
센텀빌,35.18415418,129.1216463,N
이데아호텔,35.18428761,129.1216265,N
발렌타인모텔,35.18419922,129.1221877,N
재송동 더히트호텔,35.1845567,129.1226994,N
베이직하우스,35.18403756,129.1219123,N
호텔야자,35.18438056,129.1223064,N
프랜치코드,35.18428793,129.1221072,N
로망스모텔,35.1844444,129.1218151,N
임페리얼모텔,35.18455503,129.122723,Y
프린스모텔,35.18404964,129.1219124,N
몽블랑 여관,35.1844063,129.1216301,N
로즈모텔,35.18443464,129.1228051,N
엘루이모텔,35.18416803,129.1230282,N
호텔S,35.183898,129.1220128,N
센텀모텔,35.18400592,129.1223359,N
그린파크모텔,35.18379026,129.1223827,Y
에스모텔,35.18396527,129.1220453,N
M6모텔,35.18393187,129.1228827,N
No1모텔,35.18418326,129.1224776,N
유모텔,35.18375127,129.1225537,N
맥스모텔,35.18370976,129.1221734,N
자라모텔,35.18385498,129.1224579,N
마리포사모텔,35.1837539,129.122849,N
M6모텔,35.18391088,129.1228574,N
R모텔,35.18374058,129.123015,Y
더제니스모텔,35.18390448,129.1232516,N
W모텔,35.18355174,129.1227096,N
홈스위트홈,35.17651301,129.1734263,Y
타이완마미하우스,35.17826007,129.1747138,Y
온앤온하우스,35.17943877,129.1787269,Y
아리랑스테이,35.17197338,129.1823832,Y
해운대 sunny's house,35.16855612,129.1660907,N
해운대JOO하우스,35.17069747,129.1661568,Y
뉴파도소리,35.16715956,129.1636046,Y
해운대몽돌하우스,35.1765925,129.1670227,Y
호텔안,35.16917634,129.1766659,N
IN351게스트하우스,35.16405899,129.1680946,Y
프리호텔,35.16375183,129.1752662,Y
바다풍경펜션,35.16149081,129.1616996,N
바다풍경펜션,35.16147226,129.1617044,N
라비드아틀란호텔,35.16112987,129.161492,N
엘리시아부티크호텔,35.16017701,129.1621924,N
베스트웨스턴 해운대호텔,35.16043412,129.1611559,N
선셋비즈니스호텔,35.16012894,129.1614115,N
라메르펜션,35.16014497,129.1621363,N
리베로호텔,35.16224606,129.1612075,N
파라디아모텔,35.1620744,129.1620353,N
팍스게스트하우스,35.16238432,129.1621247,N
예그린민박,35.16066033,129.1621549,N
Uncle's guesthouse,35.16149453,129.1621513,N
찬게스트하우스,35.16151848,129.1621799,Y
해운대바다민박,35.16064358,129.1620549,N
도담게스트하우스,35.16185177,129.1622674,N
더베이게스트하우스,35.161457,129.1620743,Y
킹콩게스트하우스,35.16212807,129.1630456,N
엘시티레지던스,35.16039418,129.1687969,N
그랜드엘시티레지던스,35.16003236,129.1697009,N
시그니엘 부산,35.15987649,129.1697189,N
송도각모텔,35.16165104,129.1662073,N
폴에이리조트해운대,35.16229564,129.166662,N
Y게스트하우스,35.16190034,129.1652687,N
엘솔게스트하우스,35.16204548,129.1670065,Y
마야게스트하우스,35.16155261,129.1657991,Y
썬앤문게스트하우스,35.15831213,129.1823339,Y
해운온천대중탕모텔,35.1618893,129.1659015,N
선트리호텔,35.15950146,129.1832134,N
일루아호텔,35.1588957,129.1745088,N
마리나빌라,35.15939059,129.1768153,N
W모텔,35.15922754,129.1827407,Y
칸게스트하우스,35.16031068,129.1833531,Y
R1GP레지던스,35.157461,129.1817908,Y
해운대오피스텔민박,35.15931901,129.1747164,N
화미주연수원,35.16080228,129.1829531,N
물고기나무펜션,35.15828648,129.1722522,Y
비치하우스,35.1587509,129.1714025,Y
삼삼오오펜션,35.15862487,129.1715971,N
삼삼오오펜션,35.15867596,129.1716304,N
휘겔리 호텔,35.15843573,129.1719166,N
삼삼오오펜션,35.1586759,129.1716303,N
대구장여관,35.15830029,129.1722473,N
전망좋은모텔,35.15928002,129.1704371,N
미포유,35.16029609,129.1711769,Y
미포오션사이드호텔,35.15886649,129.1705914,N
더위,35.15638474,129.1751376,N
비치레져텔,35.15844398,129.1712667,Y
게스트하우스레움,35.15748583,129.1729666,Y
해운대썬블루비치펜션,35.16075436,129.1714385,N
미포유게스트하우스,35.16031296,129.1711698,Y
포도펜션,35.15688616,129.1738169,N
해운대비치모텔,35.15759013,129.1728957,N
비치노브텔,35.16075248,129.1709807,Y
시원게스트하우스,35.1617614,129.1754087,N
챔프호스텔,35.16353237,129.1697828,N
CHEZJUNE,35.16210198,129.1768515,Y
마마게스트하우스,35.162024,129.1632441,N
24게스트하우스,35.16308501,129.1619424,Y
골든베이풀빌라펜션,35.16121862,129.1630923,N
해운대펜트하우스,35.16354881,129.1618488,N
멜론게스트하우스,35.16177861,129.163879,Y
문탠모텔,35.16165485,129.163359,N
24게스트하우스,35.16314901,129.1618777,N
해운대소라텔하우스,35.16173536,129.1629385,N
가든모텔,35.16162998,129.1628325,N
해운대민박,35.16186653,129.163071,N
해운대온천호텔,35.1615079,129.1634238,Y
백팩커스하우스,35.16187976,129.1630922,N
타임게스트하우스,35.16357152,129.1620465,Y
뷰티크팰리스호텔,35.16343216,129.1628197,Y
오륙도여관,35.16235088,129.1640342,N
파도소리모텔,35.16220979,129.1639483,N
매직모텔,35.16224272,129.164111,N
블루피쉬게스트하우스,35.16193579,129.1640867,Y
맘게스트하우스,35.16279849,129.1648632,N
할매탕,35.16306792,129.1647693,N
청사포펜션,35.1621755,129.1938501,N
블루비치호텔,35.16021821,129.1905484,Y
호텔카멜리아,35.15982977,129.1610982,N
그랜드조선,35.16000771,129.1631696,N
피앤에스호텔,35.16206728,129.1645234,N
UH Suite Landscape 4F,35.15982522,129.1611269,N
썬클라우드호텔,35.16044386,129.162247,N
페어필드바이메리어트부산호텔,35.16164084,129.1648446,N
경원장여관,35.16270177,129.1653672,Y
뉴비치호텔,35.15988531,129.1616301,Y
MS호텔,35.15982522,129.1611269,N
UH Suite The Haeundae,35.15982522,129.1611269,N
하야리게스트하우스,35.16073064,129.1624711,Y
위드게스트하우스,35.16252643,129.1653064,N
팝콘호스텔 해운대점,35.16249266,129.1652704,N
베니키아호텔해운대,35.16227613,129.1648421,N
누리호텔,35.15983974,129.1609492,Y
마리안느호텔,35.16149357,129.1646175,N
레지던스 더 문,35.16249589,129.1652587,N
석원장,35.16323594,129.1668169,N
금호장,35.16307954,129.1660484,N
파라다이스호텔,35.1602357,129.1652644,N
코오롱 씨클라우드 호텔,35.16042446,129.162123,N
청풍장온천여관,35.16264271,129.1664355,N
골든튤립해운대호텔&스위트,35.16226142,129.1658725,N
토요코인호텔 해운대2,35.15950695,129.1573545,N
정통부수련원,35.16008886,129.1610014,Y
팔레드시즈,35.16021279,129.1665767,N
해운대영무파라드호텔,35.16092163,129.1665164,Y
칠공하우스,35.16020157,129.1665793,N
골든리스트,35.16015224,129.166574,Y
호텔 더 마크 해운대,35.16097077,129.1668835,N
해운대센트럴호텔,35.16095778,129.1672641,N
해운대 영무파라드호텔,35.16089956,129.1664824,N
해운대센트럴호텔,35.16094603,129.167194,Y
호텔벨리아,35.16125102,129.1666513,Y
해운대네이티브게스트하우스,35.1644544,129.1679985,N
